Year,State,District,Total_Male,Male_Below_5_years,Male_5 years_&_Above_Below_14_years,Male_14_years_&_Above_Below_18_years,Male_18_years_ &_Above_Below_30_years,Male_30_years_&_ Above_Below_45_years,Male_45_years_&_Above_Below_60_years,Male_60_years_&_Above,Total_Female,Female_Below_5_years,Female_5_years_&_Above_Below_14_years,Female_14_years_&_Above_Below_18_years,Female_18_years_&_Above_Below_30_years,Female_30_years_&_Above_Below_45_years,Female_45_years_&_Above_Below_60_years,Female_60_years_&_Above,Total_Transgender,Transgender_Below_5_years,Transgender_5 years & Above–Below 14  years,Transgender_14_years_&_Above_Below_18_years,Transgender_18_years_&_Above_Below_30_years,Transgender_30_years_&_Above_Below_45_years,Transgender_45_years_&_Above_Below_60_years,Transgender_60_years_&_Above,Grand_Total,Total_Below_5_years,Total_5_years_&_Above_Below_14_years,Total_14 years & Above - Below 18 years,Total_18_years_&_Above_Below_30_years,Total_30_years_&_Above_Below_45_years,Total_45_years_&_Above_Below_60_years,Total_60_years_&_Above
2017-18, Andhra Pradesh,Anantapur,186,0,15,31,69,50,12,9,655,0,11,221,362,50,6,5,0,0,0,0,0,0,0,0,841,0,26,252,431,100,18,14
2017-18, Andhra Pradesh,Chittoor,93,6,19,12,28,15,9,4,354,11,11,116,185,23,3,5,0,0,0,0,0,0,0,0,447,17,30,128,213,38,12,9
2017-18, Andhra Pradesh,Cuddapah,66,2,12,12,19,11,4,6,156,4,9,45,74,19,3,2,0,0,0,0,0,0,0,0,222,6,21,57,93,30,7,8
2017-18, Andhra Pradesh,East Godavari,281,13,22,36,65,81,50,14,411,9,38,110,172,70,6,6,0,0,0,0,0,0,0,0,692,22,60,146,237,151,56,20
2017-18, Andhra Pradesh,Guntakal Railway,9,0,0,2,2,0,1,4,9,0,0,1,7,0,1,0,0,0,0,0,0,0,0,0,18,0,0,3,9,0,2,4
2017-18, Andhra Pradesh,Guntur,247,13,36,37,37,61,41,22,348,13,26,34,173,83,13,6,0,0,0,0,0,0,0,0,595,26,62,71,210,144,54,28
2017-18, Andhra Pradesh,Guntur Urban,202,0,22,21,59,51,25,24,293,2,5,39,205,31,4,7,0,0,0,0,0,0,0,0,495,2,27,60,264,82,29,31
2017-18, Andhra Pradesh,Krishna,156,5,11,3,67,37,22,11,264,3,13,1,190,39,13,5,0,0,0,0,0,0,0,0,420,8,24,4,257,76,35,16
2017-18, Andhra Pradesh,Kurnool,153,11,39,14,28,29,22,10,359,12,25,112,120,70,10,10,0,0,0,0,0,0,0,0,512,23,64,126,148,99,32,20
2017-18, Andhra Pradesh,Nellore,156,2,13,18,35,54,26,8,332,1,11,87,167,55,8,3,488,3,24,105,202,109,34,11,976,6,48,210,404,218,68,22
2017-18, Andhra Pradesh,Prakasham,170,6,20,30,54,31,17,12,323,14,14,35,197,46,12,5,0,0,0,0,0,0,0,0,493,20,34,65,251,77,29,17
2017-18, Andhra Pradesh,Rajahmundry,97,0,15,6,28,25,13,10,127,3,8,25,74,11,4,2,0,0,0,0,0,0,0,0,224,3,23,31,102,36,17,12
2017-18, Andhra Pradesh,Srikakulam,75,3,7,10,18,17,10,10,129,7,2,24,76,13,5,2,0,0,0,0,0,0,0,0,204,10,9,34,94,30,15,12
2017-18, Andhra Pradesh,Tirupathi Urban,142,7,9,23,11,29,32,31,185,3,12,46,72,30,11,11,0,0,0,0,0,0,0,0,327,10,21,69,83,59,43,42
2017-18, Andhra Pradesh,Vijayawada City,355,0,21,55,100,85,41,53,626,0,12,130,364,80,14,26,0,0,0,0,0,0,0,0,981,0,33,185,464,165,55,79
2017-18, Andhra Pradesh,Vijayawada Railway,16,2,0,1,4,3,3,3,10,0,0,2,3,3,1,1,0,0,0,0,0,0,0,0,26,2,0,3,7,6,4,4
2017-18, Andhra Pradesh,Visakha Rural,96,5,10,12,26,20,14,9,141,3,6,17,96,12,2,5,0,0,0,0,0,0,0,0,237,8,16,29,122,32,16,14
2017-18, Andhra Pradesh,Visakhapatnam,292,0,1,12,123,99,43,14,403,1,2,19,288,62,17,14,0,0,0,0,0,0,0,0,695,1,3,31,411,161,60,28
2017-18, Andhra Pradesh,Vizianagaram,81,1,5,9,25,17,12,12,169,6,13,52,82,11,3,2,0,0,0,0,0,0,0,0,250,7,18,61,107,28,15,14
2017-18, Andhra Pradesh,West Godavari,275,4,19,24,86,73,39,30,498,8,13,113,267,66,21,10,0,0,0,0,0,0,0,0,773,12,32,137,353,139,60,40
2017-18, Andhra Pradesh,Total,3148,80,296,368,884,788,436,296,5792,100,231,1229,3174,774,157,127,488,3,24,105,202,109,34,11,9428,183,551,1702,4260,1671,627,434
2017-18,Arunachal Pradesh,Anjaw,0,0,0,0,0,0,0,0,0,0,0,0,0,0,0,0,0,0,0,0,0,0,0,0,0,0,0,0,0,0,0,0
2017-18,Arunachal Pradesh,Changlang,1,0,0,0,0,0,1,0,4,0,1,1,2,0,0,0,0,0,0,0,0,0,0,0,5,0,1,1,2,0,1,0
2017-18,Arunachal Pradesh,Crime Branch,0,0,0,0,0,0,0,0,0,0,0,0,0,0,0,0,0,0,0,0,0,0,0,0,0,0,0,0,0,0,0,0
2017-18,Arunachal Pradesh,Dibang Valley,0,0,0,0,0,0,0,0,0,0,0,0,0,0,0,0,0,0,0,0,0,0,0,0,0,0,0,0,0,0,0,0
2017-18,Arunachal Pradesh,Kameng East,0,0,0,0,0,0,0,0,0,0,0,0,0,0,0,0,0,0,0,0,0,0,0,0,0,0,0,0,0,0,0,0
2017-18,Arunachal Pradesh,Kameng West,1,0,0,0,0,0,1,0,4,0,0,1,2,1,0,0,0,0,0,0,0,0,0,0,5,0,0,1,2,1,1,0
2017-18,Arunachal Pradesh,Kurung Kumey,0,0,0,0,0,0,0,0,0,0,0,0,0,0,0,0,0,0,0,0,0,0,0,0,0,0,0,0,0,0,0,0
2017-18,Arunachal Pradesh,Lohit,0,0,0,0,0,0,0,0,0,0,0,0,0,0,0,0,0,0,0,0,0,0,0,0,0,0,0,0,0,0,0,0
2017-18,Arunachal Pradesh,Longding,0,0,0,0,0,0,0,0,0,0,0,0,0,0,0,0,0,0,0,0,0,0,0,0,0,0,0,0,0,0,0,0
2017-18,Arunachal Pradesh,Lower Dibang Valley,1,0,0,1,0,0,0,0,4,0,0,4,0,0,0,0,0,0,0,0,0,0,0,0,5,0,0,5,0,0,0,0
2017-18,Arunachal Pradesh,Papum Pare City,0,0,0,0,0,0,0,0,0,0,0,0,0,0,0,0,0,0,0,0,0,0,0,0,0,0,0,0,0,0,0,0
2017-18,Arunachal Pradesh,Papum Pare Rural,0,0,0,0,0,0,0,0,0,0,0,0,0,0,0,0,0,0,0,0,0,0,0,0,0,0,0,0,0,0,0,0
2017-18,Arunachal Pradesh,Siang East,0,0,0,0,0,0,0,0,0,0,0,0,0,0,0,0,0,0,0,0,0,0,0,0,0,0,0,0,0,0,0,0
2017-18,Arunachal Pradesh,Siang Upper,0,0,0,0,0,0,0,0,0,0,0,0,0,0,0,0,0,0,0,0,0,0,0,0,0,0,0,0,0,0,0,0
2017-18,Arunachal Pradesh,Siang West,0,0,0,0,0,0,0,0,0,0,0,0,0,0,0,0,0,0,0,0,0,0,0,0,0,0,0,0,0,0,0,0
2017-18,Arunachal Pradesh,Subansiri Lower,0,0,0,0,0,0,0,0,0,0,0,0,0,0,0,0,0,0,0,0,0,0,0,0,0,0,0,0,0,0,0,0
2017-18,Arunachal Pradesh,Subansiri Upper,0,0,0,0,0,0,0,0,0,0,0,0,0,0,0,0,0,0,0,0,0,0,0,0,0,0,0,0,0,0,0,0
2017-18,Arunachal Pradesh,Tawang,0,0,0,0,0,0,0,0,0,0,0,0,0,0,0,0,0,0,0,0,0,0,0,0,0,0,0,0,0,0,0,0
2017-18,Arunachal Pradesh,Tirap,0,0,0,0,0,0,0,0,0,0,0,0,0,0,0,0,0,0,0,0,0,0,0,0,0,0,0,0,0,0,0,0
2017-18,Arunachal Pradesh,Namsai,0,0,0,0,0,0,0,0,0,0,0,0,0,0,0,0,0,0,0,0,0,0,0,0,0,0,0,0,0,0,0,0
2017-18,Arunachal Pradesh,Siang,0,0,0,0,0,0,0,0,0,0,0,0,0,0,0,0,0,0,0,0,0,0,0,0,0,0,0,0,0,0,0,0
2017-18,Arunachal Pradesh,Kamle,0,0,0,0,0,0,0,0,0,0,0,0,0,0,0,0,0,0,0,0,0,0,0,0,0,0,0,0,0,0,0,0
2017-18,Arunachal Pradesh,Lower Siang,0,0,0,0,0,0,0,0,0,0,0,0,0,0,0,0,0,0,0,0,0,0,0,0,0,0,0,0,0,0,0,0
2017-18,Arunachal Pradesh,Leparada,0,0,0,0,0,0,0,0,0,0,0,0,0,0,0,0,0,0,0,0,0,0,0,0,0,0,0,0,0,0,0,0
2017-18,Arunachal Pradesh,Total,3,0,0,1,0,0,2,0,12,0,1,6,4,1,0,0,0,0,0,0,0,0,0,0,15,0,1,7,4,1,2,0
2017-18,Assam,BIEO,0,0,0,0,0,0,0,0,0,0,0,0,0,0,0,0,0,0,0,0,0,0,0,0,0,0,0,0,0,0,0,0
2017-18,Assam,Barpeta,11,0,0,3,5,2,1,0,13,0,0,3,5,4,1,0,0,0,0,0,0,0,0,0,24,0,0,6,10,6,2,0
2017-18,Assam,Baksa,29,0,8,6,6,7,2,0,106,0,5,7,70,22,1,1,0,0,0,0,0,0,0,0,135,0,13,13,76,29,3,1
2017-18,Assam,Bongaigaon,14,4,1,1,4,2,2,0,104,0,4,28,39,29,4,0,0,0,0,0,0,0,0,0,118,4,5,29,43,31,6,0
2017-18,Assam,CID,0,0,0,0,0,0,0,0,0,0,0,0,0,0,0,0,0,0,0,0,0,0,0,0,0,0,0,0,0,0,0,0
2017-18,Assam,Cachar,122,1,15,14,32,34,19,7,369,2,20,20,206,113,7,1,0,0,0,0,0,0,0,0,491,3,35,34,238,147,26,8
2017-18,Assam,Chirang,39,25,8,4,2,0,0,0,79,0,45,10,20,4,0,0,0,0,0,0,0,0,0,0,118,25,53,14,22,4,0,0
2017-18,Assam,Darrang,29,0,0,0,11,12,6,0,64,0,0,0,34,22,8,0,0,0,0,0,0,0,0,0,93,0,0,0,45,34,14,0
2017-18,Assam,Dhemaji,52,0,6,11,19,10,5,1,89,0,5,10,59,15,0,0,0,0,0,0,0,0,0,0,141,0,11,21,78,25,5,1
2017-18,Assam,Dhubri,63,0,5,12,19,24,2,1,144,0,10,65,63,6,0,0,0,0,0,0,0,0,0,0,207,0,15,77,82,30,2,1
2017-18,Assam,Dibrugarh,26,1,4,3,8,7,3,0,31,0,3,4,12,8,2,2,0,0,0,0,0,0,0,0,57,1,7,7,20,15,5,2
2017-18,Assam,GRP,7,0,1,0,1,3,2,0,6,1,0,1,3,1,0,0,0,0,0,0,0,0,0,0,13,1,1,1,4,4,2,0
2017-18,Assam,Goalpara,15,0,0,0,12,0,3,0,6,0,0,0,0,6,0,0,0,0,0,0,0,0,0,0,21,0,0,0,12,6,3,0
2017-18,Assam,Golaghat,24,0,0,4,20,0,0,0,374,0,2,119,200,53,0,0,0,0,0,0,0,0,0,0,398,0,2,123,220,53,0,0
2017-18,Assam,Guwahati City,455,3,36,57,116,154,62,27,662,1,21,89,288,221,31,11,0,0,0,0,0,0,0,0,1117,4,57,146,404,375,93,38
2017-18,Assam,Hailakandi,34,0,0,0,5,18,11,0,129,0,0,60,38,21,10,0,0,0,0,0,0,0,0,0,163,0,0,60,43,39,21,0
2017-18,Assam,Hamren,0,0,0,0,0,0,0,0,0,0,0,0,0,0,0,0,0,0,0,0,0,0,0,0,0,0,0,0,0,0,0,0
2017-18,Assam,Jorhat,19,0,6,7,2,2,1,1,17,0,2,8,1,5,1,0,0,0,0,0,0,0,0,0,36,0,8,15,3,7,2,1
2017-18,Assam,Kamrup,147,0,5,25,53,38,21,5,376,1,11,74,79,169,41,1,0,0,0,0,0,0,0,0,523,1,16,99,132,207,62,6
2017-18,Assam,Karbi Anglong,34,0,13,6,10,2,3,0,41,0,13,22,6,0,0,0,0,0,0,0,0,0,0,0,75,0,26,28,16,2,3,0
2017-18,Assam,Karimganj,72,0,0,3,22,37,9,1,184,0,1,12,106,61,4,0,0,0,0,0,0,0,0,0,256,0,1,15,128,98,13,1
2017-18,Assam,Kokrajhar,0,0,0,0,0,0,0,0,0,0,0,0,0,0,0,0,0,0,0,0,0,0,0,0,0,0,0,0,0,0,0,0
2017-18,Assam,Lakhimpur,0,0,0,0,0,0,0,0,0,0,0,0,0,0,0,0,0,0,0,0,0,0,0,0,0,0,0,0,0,0,0,0
2017-18,Assam,Morigaon,0,0,0,0,0,0,0,0,365,0,0,143,222,0,0,0,0,0,0,0,0,0,0,0,365,0,0,143,222,0,0,0
2017-18,Assam,Dima Hasao,16,1,3,4,4,3,1,0,27,1,3,3,8,10,1,1,0,0,0,0,0,0,0,0,43,2,6,7,12,13,2,1
2017-18,Assam,Nagaon,59,0,3,7,15,19,10,5,120,0,1,16,59,43,1,0,0,0,0,0,0,0,0,0,179,0,4,23,74,62,11,5
2017-18,Assam,Nalbari,6,0,2,0,1,1,2,0,5,0,0,2,2,1,0,0,15,1,2,4,4,2,2,0,26,1,4,6,7,4,4,0
2017-18,Assam,RPO,0,0,0,0,0,0,0,0,0,0,0,0,0,0,0,0,0,0,0,0,0,0,0,0,0,0,0,0,0,0,0,0
2017-18,Assam,SOU,0,0,0,0,0,0,0,0,0,0,0,0,0,0,0,0,0,0,0,0,0,0,0,0,0,0,0,0,0,0,0,0
2017-18,Assam,STF,0,0,0,0,0,0,0,0,0,0,0,0,0,0,0,0,0,0,0,0,0,0,0,0,0,0,0,0,0,0,0,0
2017-18,Assam,Sibsagar,16,0,3,7,4,1,1,0,45,0,3,15,19,4,3,1,0,0,0,0,0,0,0,0,61,0,6,22,23,5,4,1
2017-18,Assam,Sonitpur,57,0,7,18,7,17,8,0,230,0,7,114,71,37,1,0,0,0,0,0,0,0,0,0,287,0,14,132,78,54,9,0
2017-18,Assam,Tinsukia,24,1,4,3,6,8,2,0,62,0,3,11,26,19,3,0,0,0,0,0,0,0,0,0,86,1,7,14,32,27,5,0
2017-18,Assam,Udalguri,53,0,2,9,13,15,14,0,157,0,17,77,58,4,1,0,0,0,0,0,0,0,0,0,210,0,19,86,71,19,15,0
2017-18,Assam,Sadia,20,0,0,6,4,6,2,2,40,0,1,4,13,20,2,0,0,0,0,0,0,0,0,0,60,0,1,10,17,26,4,2
2017-18,Assam,Majuli,0,0,0,0,0,0,0,0,0,0,0,0,0,0,0,0,0,0,0,0,0,0,0,0,0,0,0,0,0,0,0,0
2017-18,Assam,Biswanath,0,0,0,0,0,0,0,0,0,0,0,0,0,0,0,0,0,0,0,0,0,0,0,0,0,0,0,0,0,0,0,0
2017-18,Assam,Hojai,97,0,18,40,16,10,12,1,211,0,9,76,95,31,0,0,0,0,0,0,0,0,0,0,308,0,27,116,111,41,12,1
2017-18,Assam,South Salmara,10,0,1,3,4,2,0,0,31,1,1,5,16,8,0,0,0,0,0,0,0,0,0,0,41,1,2,8,20,10,0,0
2017-18,Assam,Charaideo,0,0,0,0,0,0,0,0,0,0,0,0,0,0,0,0,0,0,0,0,0,0,0,0,0,0,0,0,0,0,0,0
2017-18,Assam,Total,1550,36,151,253,421,434,204,51,4087,7,187,998,1818,937,122,18,15,1,2,4,4,2,2,0,5652,44,340,1255,2243,1373,328,69
2017-18,Bihar,Araria,18,1,3,7,5,2,0,0,162,60,55,34,11,2,0,0,0,0,0,0,0,0,0,0,180,61,58,41,16,4,0,0
2017-18,Bihar,Arwal,6,0,4,2,0,0,0,0,31,0,5,22,3,1,0,0,0,0,0,0,0,0,0,0,37,0,9,24,3,1,0,0
2017-18,Bihar,Aurangabad,33,0,4,5,11,9,4,0,51,0,5,30,12,3,1,0,0,0,0,0,0,0,0,0,84,0,9,35,23,12,5,0
2017-18,Bihar,Bagaha,21,2,7,3,2,4,2,1,72,1,15,42,8,5,1,0,0,0,0,0,0,0,0,0,93,3,22,45,10,9,3,1
2017-18,Bihar,Banka,28,1,6,9,6,2,2,2,157,1,28,74,36,16,2,0,0,0,0,0,0,0,0,0,185,2,34,83,42,18,4,2
2017-18,Bihar,Begusarai,42,1,20,15,6,0,0,0,218,2,54,109,46,4,3,0,0,0,0,0,0,0,0,0,260,3,74,124,52,4,3,0
2017-18,Bihar,Bettiah,96,3,21,50,19,2,1,0,69,1,21,25,14,7,0,1,0,0,0,0,0,0,0,0,165,4,42,75,33,9,1,1
2017-18,Bihar,Bhabhua,31,4,10,11,3,1,2,0,107,1,24,62,15,5,0,0,0,0,0,0,0,0,0,0,138,5,34,73,18,6,2,0
2017-18,Bihar,Bhagalpur,49,1,13,16,7,8,3,1,254,2,35,140,49,27,1,0,0,0,0,0,0,0,0,0,303,3,48,156,56,35,4,1
2017-18,Bihar,Bhojpur,23,2,4,6,3,5,3,0,118,0,18,72,18,8,2,0,0,0,0,0,0,0,0,0,141,2,22,78,21,13,5,0
2017-18,Bihar,Buxar,25,2,6,6,5,3,3,0,139,1,30,74,21,13,0,0,0,0,0,0,0,0,0,0,164,3,36,80,26,16,3,0
2017-18,Bihar,Darbhanga,48,3,8,17,11,6,3,0,264,0,38,149,59,15,2,1,0,0,0,0,0,0,0,0,312,3,46,166,70,21,5,1
2017-18,Bihar,Gaya,90,5,22,18,17,14,9,5,305,2,38,174,66,19,3,3,0,0,0,0,0,0,0,0,395,7,60,192,83,33,12,8
2017-18,Bihar,Gopalganj,32,2,3,6,9,4,7,1,208,0,28,135,25,18,2,0,0,0,0,0,0,0,0,0,240,2,31,141,34,22,9,1
2017-18,Bihar,Jamalpur Railway,3,0,1,0,0,2,0,0,3,0,0,2,0,1,0,0,0,0,0,0,0,0,0,0,6,0,1,2,0,3,0,0
2017-18,Bihar,Jamui,30,3,7,4,4,6,6,0,121,1,18,65,23,14,0,0,0,0,0,0,0,0,0,0,151,4,25,69,27,20,6,0
2017-18,Bihar,Jehanabad,33,1,18,5,4,4,1,0,96,17,46,25,8,0,0,0,0,0,0,0,0,0,0,0,129,18,64,30,12,4,1,0
2017-18,Bihar,Katihar,37,0,8,18,9,2,0,0,226,11,140,68,7,0,0,0,0,0,0,0,0,0,0,0,263,11,148,86,16,2,0,0
2017-18,Bihar,Katihar Railway,7,1,2,1,0,2,0,1,11,1,1,0,5,3,1,0,0,0,0,0,0,0,0,0,18,2,3,1,5,5,1,1
2017-18,Bihar,Khagaria,23,2,8,9,0,2,2,0,130,0,10,81,33,6,0,0,0,0,0,0,0,0,0,0,153,2,18,90,33,8,2,0
2017-18,Bihar,Kishanganj,17,0,7,4,5,1,0,0,106,0,21,53,23,9,0,0,0,0,0,0,0,0,0,0,123,0,28,57,28,10,0,0
2017-18,Bihar,Lakhisarai,25,0,9,11,4,0,1,0,43,2,7,22,8,4,0,0,0,0,0,0,0,0,0,0,68,2,16,33,12,4,1,0
2017-18,Bihar,Madhepura,21,0,5,9,5,1,1,0,166,0,25,87,45,9,0,0,0,0,0,0,0,0,0,0,187,0,30,96,50,10,1,0
2017-18,Bihar,Madhubani,26,2,17,2,2,2,1,0,180,2,25,95,45,13,0,0,0,0,0,0,0,0,0,0,206,4,42,97,47,15,1,0
2017-18,Bihar,Motihari,53,5,14,10,16,5,2,1,305,2,55,156,71,20,1,0,0,0,0,0,0,0,0,0,358,7,69,166,87,25,3,1
2017-18,Bihar,Munger,34,1,9,11,10,3,0,0,160,2,15,96,45,2,0,0,0,0,0,0,0,0,0,0,194,3,24,107,55,5,0,0
2017-18,Bihar,Muzaffarpur,135,8,37,31,26,21,6,6,495,11,75,250,120,37,2,0,0,0,0,0,0,0,0,0,630,19,112,281,146,58,8,6
2017-18,Bihar,Muzaffarpur Railway,4,2,1,0,0,0,1,0,7,0,0,3,3,1,0,0,0,0,0,0,0,0,0,0,11,2,1,3,3,1,1,0
2017-18,Bihar,Nalanda,120,4,53,32,9,11,8,3,249,3,47,122,55,18,4,0,0,0,0,0,0,0,0,0,369,7,100,154,64,29,12,3
2017-18,Bihar,Naugachia,19,0,10,2,3,2,2,0,83,2,14,49,14,4,0,0,0,0,0,0,0,0,0,0,102,2,24,51,17,6,2,0
2017-18,Bihar,Nawadah,68,2,23,16,15,6,,3,163,2,36,78,39,8,0,0,0,0,0,0,0,0,0,0,231,4,59,94,54,14,3,3
2017-18,Bihar,Patna,319,4,66,82,74,53,29,11,862,3,154,450,183,61,10,1,0,0,0,0,0,0,0,0,1181,7,220,532,257,114,39,12
2017-18,Bihar,Patna Railway,10,2,0,1,0,3,3,1,12,1,0,5,5,1,0,0,0,0,0,0,0,0,0,0,22,3,0,6,5,4,3,1
2017-18,Bihar,Purnea,45,1,5,22,4,7,6,0,157,4,10,102,34,7,0,0,0,0,0,0,0,0,0,0,202,5,15,124,38,14,6,0
2017-18,Bihar,Rohtas,51,0,17,18,4,8,3,1,177,1,40,94,38,3,1,0,0,0,0,0,0,0,0,0,228,1,57,112,42,11,4,1
2017-18,Bihar,Saharsa,40,3,13,7,9,3,4,1,112,2,17,48,30,14,1,0,0,0,0,0,0,0,0,0,152,5,30,55,39,17,5,1
2017-18,Bihar,Samastipur,31,2,9,11,5,3,1,0,258,1,33,150,46,27,1,0,0,0,0,0,0,0,0,0,289,3,42,161,51,30,2,0
2017-18,Bihar,Saran,102,5,29,20,22,17,9,0,407,0,76,232,55,34,5,5,0,0,0,0,0,0,0,0,509,5,105,252,77,51,14,5
2017-18,Bihar,Sheikhpura,21,0,13,1,4,2,0,1,57,2,9,33,9,4,0,0,0,0,0,0,0,0,0,0,78,2,22,34,13,6,0,1
2017-18,Bihar,Sheohar,16,0,3,4,2,3,4,0,65,0,10,44,5,6,0,0,0,0,0,0,0,0,0,0,81,0,13,48,7,9,4,0
2017-18,Bihar,Sitamarhi,76,8,31,22,10,3,2,0,304,2,40,188,69,4,1,0,0,0,0,0,0,0,0,0,380,10,71,210,79,7,3,0
2017-18,Bihar,Siwan,36,2,13,12,5,1,2,1,193,32,117,37,6,1,0,0,0,0,0,0,0,0,0,0,229,34,130,49,11,2,2,1
2017-18,Bihar,Supaul,26,1,7,8,6,2,2,0,133,0,17,81,27,8,0,0,0,0,0,0,0,0,0,0,159,1,24,89,33,10,2,0
2017-18,Bihar,Vaishali,97,7,24,22,17,16,9,2,339,5,36,175,64,56,3,0,0,0,0,0,0,0,0,0,436,12,60,197,81,72,12,2
2017-18,Bihar,Economic Offences Unit,0,0,0,0,0,0,0,0,0,0,0,0,0,0,0,0,0,0,0,0,0,0,0,0,0,0,0,0,0,0,0,0
2017-18,Bihar,Anti Terrorist Squad,0,0,0,0,0,0,0,0,0,0,0,0,0,0,0,0,0,0,0,0,0,0,0,0,0,0,0,0,0,0,0,0
2017-18,Bihar,Total,2067,93,590,566,378,251,147,42,7775,180,1488,4033,1498,518,47,11,0,0,0,0,0,0,0,0,9842,273,2078,4599,1876,769,194,53
2017-18,Chhattisgarh,Balod,82,0,2,8,24,30,13,5,260,0,0,37,136,74,9,4,0,0,0,0,0,0,0,0,342,0,2,45,160,104,22,9
2017-18,Chhattisgarh,Balodbazar,143,1,11,16,57,25,16,17,511,0,3,100,342,41,18,7,0,0,0,0,0,0,0,0,654,1,14,116,399,66,34,24
2017-18,Chhattisgarh,Balrampur,32,1,4,6,7,3,8,3,110,0,6,43,42,12,6,1,0,0,0,0,0,0,0,0,142,1,10,49,49,15,14,4
2017-18,Chhattisgarh,Bemetra,69,0,0,7,26,21,14,1,216,0,1,51,115,40,8,1,0,0,0,0,0,0,0,0,285,0,1,58,141,61,22,2
2017-18,Chhattisgarh,Bilaspur,394,2,30,42,146,95,46,33,950,2,23,242,503,135,26,19,0,0,0,0,0,0,0,0,1344,4,53,284,649,230,72,52
2017-18,Chhattisgarh,Bizapur,8,0,2,1,4,0,0,1,18,0,0,4,12,2,0,0,0,0,0,0,0,0,0,0,26,0,2,5,16,2,0,1
2017-18,Chhattisgarh,Dantewara,23,1,1,2,11,7,1,0,33,0,2,5,23,2,1,0,0,0,0,0,0,0,0,0,56,1,3,7,34,9,2,0
2017-18,Chhattisgarh,Dhamtari,93,0,5,11,28,31,14,4,299,0,0,43,177,65,10,4,0,0,0,0,0,0,0,0,392,0,5,54,205,96,24,8
2017-18,Chhattisgarh,Durg,424,0,22,43,103,136,73,47,873,1,16,173,423,202,43,15,0,0,0,0,0,0,0,0,1297,1,38,216,526,338,116,62
2017-18,Chhattisgarh,Gariyaband,54,0,2,3,24,13,7,5,158,1,5,34,104,10,2,2,0,0,0,0,0,0,0,0,212,1,7,37,128,23,9,7
2017-18,Chhattisgarh,GRP Raipur,15,0,0,0,7,3,4,1,11,0,0,1,6,1,3,0,0,0,0,0,0,0,0,0,26,0,0,1,13,4,7,1
2017-18,Chhattisgarh,Jagdalpur,56,0,3,6,23,15,4,5,163,0,3,41,90,24,3,2,0,0,0,0,0,0,0,0,219,0,6,47,113,39,7,7
2017-18,Chhattisgarh,Janjgir,193,0,20,14,73,50,26,10,567,1,27,124,150,170,83,12,0,0,0,0,0,0,0,0,760,1,47,138,223,220,109,22
2017-18,Chhattisgarh,Jashpur,53,0,2,12,19,12,6,2,198,0,12,60,84,31,7,4,0,0,0,0,0,0,0,0,251,0,14,72,103,43,13,6
2017-18,Chhattisgarh,Kabirdham,98,0,3,25,46,11,9,4,218,0,5,57,120,18,13,5,0,0,0,0,0,0,0,0,316,0,8,82,166,29,22,9
2017-18,Chhattisgarh,Kanker,190,0,33,53,38,34,24,8,370,7,43,226,53,33,5,3,0,0,0,0,0,0,0,0,560,7,76,279,91,67,29,11
2017-18,Chhattisgarh,Kondagaon,23,0,1,3,8,5,5,1,90,1,1,20,61,5,2,0,0,0,0,0,0,0,0,0,113,1,2,23,69,10,7,1
2017-18,Chhattisgarh,Korba,162,0,11,19,63,32,29,8,352,0,33,61,128,112,12,6,0,0,0,0,0,0,0,0,514,0,44,80,191,144,41,14
2017-18,Chhattisgarh,Koriya,85,0,2,13,13,41,15,1,242,0,13,43,68,62,50,6,0,0,0,0,0,0,0,0,327,0,15,56,81,103,65,7
2017-18,Chhattisgarh,Mahasamund,108,0,0,8,54,35,4,7,331,0,2,36,248,33,8,4,0,0,0,0,0,0,0,0,439,0,2,44,302,68,12,11
2017-18,Chhattisgarh,Mungali,76,0,3,12,35,16,3,7,192,0,3,56,109,17,4,3,0,0,0,0,0,0,0,0,268,0,6,68,144,33,7,10
2017-18,Chhattisgarh,Narayanpur,14,0,1,3,6,3,0,1,12,0,1,3,5,3,0,0,0,0,0,0,0,0,0,0,26,0,2,6,11,6,0,1
2017-18,Chhattisgarh,Raigarh,272,1,28,24,105,68,24,22,624,0,11,136,356,96,10,15,0,0,0,0,0,0,0,0,896,1,39,160,461,164,34,37
2017-18,Chhattisgarh,Raipur,708,0,47,79,155,241,135,51,1519,2,31,309,742,352,57,26,0,0,0,0,0,0,0,0,2227,2,78,388,897,593,192,77
2017-18,Chhattisgarh,Rajnandgaon,213,0,5,16,100,51,19,22,617,0,5,83,424,73,18,14,0,0,0,0,0,0,0,0,830,0,10,99,524,124,37,36
2017-18,Chhattisgarh,Sarguja,100,0,2,12,19,42,20,5,280,0,11,67,101,74,19,8,0,0,0,0,0,0,0,0,380,0,13,79,120,116,39,13
2017-18,Chhattisgarh,Sukma,6,0,1,0,3,1,1,0,8,0,0,5,3,0,0,0,0,0,0,0,0,0,0,0,14,0,1,5,6,1,1,0
2017-18,Chhattisgarh,Surajpur,66,0,3,5,28,10,15,5,190,1,5,43,108,24,8,1,0,0,0,0,0,0,0,0,256,1,8,48,136,34,23,6
2017-18,Chhattisgarh,Total,3760,6,244,443,1225,1031,535,276,9412,16,262,2103,4733,1711,425,162,0,0,0,0,0,0,0,0,13172,22,506,2546,5958,2742,960,438
2017-18,Goa,North Goa,142,3,2,0,48,52,26,11,121,2,2,3,78,20,12,4,0,0,0,0,0,0,0,0,263,5,4,3,126,72,38,15
2017-18,Goa,South Goa,110,0,0,1,28,40,21,20,111,2,1,0,76,22,6,4,0,0,0,0,0,0,0,0,221,2,1,1,104,62,27,24
2017-18,Goa,CID,6,0,0,0,5,1,0,0,2,0,0,0,2,0,0,0,0,0,0,0,0,0,0,0,8,0,0,0,7,1,0,0
2017-18,Goa,Total,258,3,2,1,81,93,47,31,234,4,3,3,156,42,18,8,0,0,0,0,0,0,0,0,492,7,5,4,237,135,65,39
2017-18,Gujarat,Ahmedabad City,940,5,27,59,374,280,133,62,1929,5,55,272,1307,219,37,34,0,0,0,0,0,0,0,0,2869,10,82,331,1681,499,170,96
2017-18,Gujarat,Ahmedabad Rural,57,6,3,1,14,26,5,2,127,3,4,2,97,18,1,2,0,0,0,0,0,0,0,0,184,9,7,3,111,44,6,4
2017-18,Gujarat,Amreli,25,0,4,0,10,5,3,3,127,0,4,0,118,5,0,0,0,0,0,0,0,0,0,0,152,0,8,0,128,10,3,3
2017-18,Gujarat,Anand,114,0,0,0,43,37,21,13,345,0,0,0,180,113,39,13,0,0,0,0,0,0,0,0,459,0,0,0,223,150,60,26
2017-18,Gujarat,Arvalli,0,0,0,0,0,0,0,0,0,0,0,0,0,0,0,0,0,0,0,0,0,0,0,0,0,0,0,0,0,0,0,0
2017-18,Gujarat,Banaskantha,97,0,0,1,91,0,0,5,97,0,0,1,96,0,0,0,0,0,0,0,0,0,0,0,194,0,0,2,187,0,0,5
2017-18,Gujarat,Bharuch,135,9,2,4,48,41,21,10,224,6,4,9,161,25,7,12,0,0,0,0,0,0,0,0,359,15,6,13,209,66,28,22
2017-18,Gujarat,Bhavnagar,69,0,0,0,48,18,2,1,75,0,0,0,55,17,3,0,0,0,0,0,0,0,0,0,144,0,0,0,103,35,5,1
2017-18,Gujarat,Botad,13,0,1,1,7,4,0,0,65,0,0,15,41,9,0,0,0,0,0,0,0,0,0,0,78,0,1,16,48,13,0,0
2017-18,Gujarat,Chhotaudepur,14,0,1,0,9,4,0,0,20,0,0,0,18,2,0,0,0,0,0,0,0,0,0,0,34,0,1,0,27,6,0,0
2017-18,Gujarat,CID Crime,0,0,0,0,0,0,0,0,0,0,0,0,0,0,0,0,0,0,0,0,0,0,0,0,0,0,0,0,0,0,0,0
2017-18,Gujarat,Dahod,15,0,0,1,5,5,3,1,113,0,11,78,14,9,1,0,0,0,0,0,0,0,0,0,128,0,11,79,19,14,4,1
2017-18,Gujarat,Dang,0,0,0,0,0,0,0,0,0,0,0,0,0,0,0,0,0,0,0,0,0,0,0,0,0,0,0,0,0,0,0,0
2017-18,Gujarat,Devbhumi Dwarka,27,3,1,1,12,4,1,5,73,3,3,3,60,1,1,2,0,0,0,0,0,0,0,0,100,6,4,4,72,5,2,7
2017-18,Gujarat,Gandhinagar,171,2,15,2,75,45,29,3,321,3,14,2,259,38,5,0,0,0,0,0,0,0,0,0,492,5,29,4,334,83,34,3
2017-18,Gujarat,Gir Somnath,25,2,1,0,12,3,4,3,43,0,2,0,36,5,0,0,0,0,0,0,0,0,0,0,68,2,3,0,48,8,4,3
2017-18,Gujarat,Jamnagar,85,6,7,0,31,32,9,0,155,1,0,4,63,71,16,0,0,0,0,0,0,0,0,0,240,7,7,4,94,103,25,0
2017-18,Gujarat,Junagadh,32,1,1,1,12,9,8,0,41,0,0,2,33,5,0,1,0,0,0,0,0,0,0,0,73,1,1,3,45,14,8,1
2017-18,Gujarat,Kachchh East(G),50,0,5,1,35,6,2,1,189,0,4,29,131,22,2,1,0,0,0,0,0,0,0,0,239,0,9,30,166,28,4,2
2017-18,Gujarat,Kachchh West(B),77,0,3,3,35,19,14,3,190,1,5,34,118,28,2,2,0,0,0,0,0,0,0,0,267,1,8,37,153,47,16,5
2017-18,Gujarat,Kheda,68,0,2,1,23,19,12,11,102,0,0,2,75,22,2,1,0,0,0,0,0,0,0,0,170,0,2,3,98,41,14,12
2017-18,Gujarat,Mahisagar,24,0,3,0,8,7,3,3,54,2,3,4,36,8,1,0,0,0,0,0,0,0,0,0,78,2,6,4,44,15,4,3
2017-18,Gujarat,Mehsana,148,1,1,5,65,53,15,8,523,0,0,6,439,73,3,2,1,0,0,0,1,0,0,0,672,1,1,11,505,126,18,10
2017-18,Gujarat,Morbi,23,0,0,0,9,7,6,1,85,0,0,1,38,31,11,4,0,0,0,0,0,0,0,0,108,0,0,1,47,38,17,5
2017-18,Gujarat,Narmada,8,0,0,0,4,0,3,1,18,0,1,0,11,5,1,0,0,0,0,0,0,0,0,0,26,0,1,0,15,5,4,1
2017-18,Gujarat,Navsari,84,4,3,0,18,35,19,5,110,1,3,0,71,24,6,5,0,0,0,0,0,0,0,0,194,5,6,0,89,59,25,10
2017-18,Gujarat,Panchmahal,55,1,2,0,16,20,11,5,91,1,3,1,37,29,18,2,0,0,0,0,0,0,0,0,146,2,5,1,53,49,29,7
2017-18,Gujarat,Patan,34,0,1,1,20,9,3,0,149,0,0,1,130,16,2,0,0,0,0,0,0,0,0,0,183,0,1,2,150,25,5,0
2017-18,Gujarat,Porbandar,22,2,3,1,2,11,3,0,53,1,1,0,34,17,0,0,0,0,0,0,0,0,0,0,75,3,4,1,36,28,3,0
2017-18,Gujarat,Rajkot City,316,0,13,17,122,116,38,10,599,0,13,89,162,233,87,15,0,0,0,0,0,0,0,0,915,0,26,106,284,349,125,25
2017-18,Gujarat,Rajkot Rural,56,12,5,3,19,9,3,5,165,6,1,0,139,14,4,1,0,0,0,0,0,0,0,0,221,18,6,3,158,23,7,6
2017-18,Gujarat,Sabarkantha,89,0,1,3,50,16,16,3,173,0,0,6,142,22,3,0,0,0,0,0,0,0,0,0,262,0,1,9,192,38,19,3
2017-18,Gujarat,Surat City,1337,74,117,75,324,438,234,75,2052,80,124,266,1156,357,50,19,0,0,0,0,0,0,0,0,3389,154,241,341,1480,795,284,94
2017-18,Gujarat,Surat Rural,84,5,3,0,30,34,5,7,88,3,4,1,66,12,1,1,0,0,0,0,0,0,0,0,172,8,7,1,96,46,6,8
2017-18,Gujarat,Surendranagar,24,0,0,0,11,4,8,1,42,0,0,0,37,5,0,0,0,0,0,0,0,0,0,0,66,0,0,0,48,9,8,1
2017-18,Gujarat,Tapi,14,1,0,0,3,6,2,2,31,4,1,0,17,6,2,1,0,0,0,0,0,0,0,0,45,5,1,0,20,12,4,3
2017-18,Gujarat,Vadodara City,336,0,7,11,72,119,90,37,557,2,8,96,267,132,36,16,0,0,0,0,0,0,0,0,893,2,15,107,339,251,126,53
2017-18,Gujarat,Vadodara Rural,50,0,1,2,21,12,9,5,70,0,0,2,58,7,2,1,0,0,0,0,0,0,0,0,120,0,1,4,79,19,11,6
2017-18,Gujarat,Valsad,120,5,1,0,53,30,17,14,129,3,4,3,93,18,6,2,0,0,0,0,0,0,0,0,249,8,5,3,146,48,23,16
2017-18,Gujarat,W.Rly Ahmedabad,17,0,0,1,5,4,4,3,12,0,0,0,8,1,1,2,0,0,0,0,0,0,0,0,29,0,0,1,13,5,5,5
2017-18,Gujarat,W.Rly Vadodara,11,0,0,1,5,2,1,2,9,2,0,1,2,3,1,0,0,0,0,0,0,0,0,0,20,2,0,2,7,5,2,2
2017-18,Gujarat,Total,4866,139,234,196,1741,1489,757,310,9246,127,272,930,5805,1622,351,139,1,0,0,0,1,0,0,0,14113,266,506,1126,7547,3111,1108,449
2017-18,Haryana,Ambala,155,1,7,60,70,14,2,1,168,2,3,9,74,74,4,2,0,0,0,0,0,0,0,0,323,3,10,69,144,88,6,3
2017-18,Haryana,Bhiwani,127,0,10,26,35,28,19,9,219,0,2,39,154,22,1,1,0,0,0,0,0,0,0,0,346,0,12,65,189,50,20,10
2017-18,Haryana,Faridabad,474,15,45,57,218,71,41,27,631,14,25,49,457,72,6,8,0,0,0,0,0,0,0,0,1105,29,70,106,675,143,47,35
2017-18,Haryana,Fatehabad,173,16,20,17,48,46,20,6,303,12,14,26,160,77,10,4,0,0,0,0,0,0,0,0,476,28,34,43,208,123,30,10
2017-18,Haryana,GRP,13,2,0,0,7,2,2,0,6,0,0,1,4,0,0,1,0,0,0,0,0,0,0,0,19,2,0,1,11,2,2,1
2017-18,Haryana,Gurugram,202,4,24,22,50,58,26,18,371,0,36,101,136,89,6,3,0,0,0,0,0,0,0,0,573,4,60,123,186,147,32,21
2017-18,Haryana,Hissar,139,0,13,25,29,46,21,5,372,3,7,90,201,65,3,3,0,0,0,0,0,0,0,0,511,3,20,115,230,111,24,8
2017-18,Haryana,Jhajjar,0,0,0,0,0,0,0,0,0,0,0,0,0,0,0,0,0,0,0,0,0,0,0,0,0,0,0,0,0,0,0,0
2017-18,Haryana,Jind,168,0,7,16,58,45,31,11,258,1,1,29,174,47,4,2,0,0,0,0,0,0,0,0,426,1,8,45,232,92,35,13
2017-18,Haryana,Kaithal,156,6,8,22,42,43,21,14,116,2,4,10,81,15,2,2,0,0,0,0,0,0,0,0,272,8,12,32,123,58,23,16
2017-18,Haryana,Karnal,74,0,11,2,29,12,17,3,68,0,1,10,40,10,3,4,0,0,0,0,0,0,0,0,142,0,12,12,69,22,20,7
2017-18,Haryana,Kurukshetra,207,11,32,13,46,73,22,10,281,7,9,28,139,87,9,2,0,0,0,0,0,0,0,0,488,18,41,41,185,160,31,12
2017-18,Haryana,Mahendergarh,84,5,10,13,28,18,9,1,136,2,3,23,94,12,2,0,0,0,0,0,0,0,0,0,220,7,13,36,122,30,11,1
2017-18,Haryana,Mewat,48,0,9,9,19,7,3,1,41,0,1,5,23,12,0,0,0,0,0,0,0,0,0,0,89,0,10,14,42,19,3,1
2017-18,Haryana,Palwal,160,0,35,48,56,14,4,3,168,0,10,54,64,36,4,0,0,0,0,0,0,0,0,0,328,0,45,102,120,50,8,3
2017-18,Haryana,Panchkula,75,0,0,2,44,22,7,0,179,0,0,27,72,52,28,0,0,0,0,0,0,0,0,0,254,0,0,29,116,74,35,0
2017-18,Haryana,Panipat,220,26,57,42,56,11,19,9,352,28,48,107,81,56,27,5,0,0,0,0,0,0,0,0,572,54,105,149,137,67,46,14
2017-18,Haryana,Rewari,148,5,20,22,37,36,20,8,269,5,17,40,166,32,7,2,0,0,0,0,0,0,0,0,417,10,37,62,203,68,27,10
2017-18,Haryana,Rohtak,332,12,30,52,116,72,34,16,335,11,13,33,198,68,4,8,0,0,0,0,0,0,0,0,667,23,43,85,314,140,38,24
2017-18,Haryana,Sirsa,113,0,10,15,34,33,16,5,337,2,8,45,239,40,2,1,0,0,0,0,0,0,0,0,450,2,18,60,273,73,18,6
2017-18,Haryana,Sonipat,126,1,8,24,29,33,24,7,253,1,5,33,111,98,3,2,0,0,0,0,0,0,0,0,379,2,13,57,140,131,27,9
2017-18,Haryana,Yamunanagar,181,4,11,32,57,45,24,8,275,2,7,48,178,33,5,2,0,0,0,0,0,0,0,0,456,6,18,80,235,78,29,10
2017-18,Haryana,Irrigation & Power,0,0,0,0,0,0,0,0,0,0,0,0,0,0,0,0,0,0,0,0,0,0,0,0,0,0,0,0,0,0,0,0
2017-18,Haryana,Charkhi Dadri,38,0,2,4,19,6,5,2,82,0,0,2,68,9,2,1,0,0,0,0,0,0,0,0,120,0,2,6,87,15,7,3
2017-18,Haryana,Hansi,38,1,4,4,17,4,4,4,91,0,0,18,62,7,3,1,0,0,0,0,0,0,0,0,129,1,4,22,79,11,7,5
2017-18,Haryana,Total,3451,109,373,527,1144,739,391,168,5311,92,214,827,2976,1013,135,54,0,0,0,0,0,0,0,0,8762,201,587,1354,4120,1752,526,222
2017-18,Himachal Pradesh,Baddi,62,1,3,2,25,23,5,3,70,0,7,12,43,6,1,1,0,0,0,0,0,0,0,0,132,1,10,14,68,29,6,4
2017-18,Himachal Pradesh,Bilaspur,38,0,0,4,9,17,5,3,100,0,1,14,55,26,2,2,0,0,0,0,0,0,0,0,138,0,1,18,64,43,7,5
2017-18,Himachal Pradesh,Chamba,29,0,6,3,10,6,3,1,69,0,0,4,51,10,3,1,0,0,0,0,0,0,0,0,98,0,6,7,61,16,6,2
2017-18,Himachal Pradesh,CID,0,0,0,0,0,0,0,0,0,0,0,0,0,0,0,0,0,0,0,0,0,0,0,0,0,0,0,0,0,0,0,0
2017-18,Himachal Pradesh,GRP,0,0,0,0,0,0,0,0,1,0,0,0,0,0,1,0,0,0,0,0,0,0,0,0,1,0,0,0,0,0,1,0
2017-18,Himachal Pradesh,Hamirpur,21,0,2,4,8,5,2,0,47,0,0,5,34,6,1,1,0,0,0,0,0,0,0,0,68,0,2,9,42,11,3,1
2017-18,Himachal Pradesh,Kangra,114,0,4,12,36,25,27,10,190,0,0,15,58,49,53,15,0,0,0,0,0,0,0,0,304,0,4,27,94,74,80,25
2017-18,Himachal Pradesh,Kinnaur,10,0,0,1,2,3,2,2,4,0,0,0,1,3,0,0,0,0,0,0,0,0,0,0,14,0,0,1,3,6,2,2
2017-18,Himachal Pradesh,Kullu,58,0,2,5,15,19,15,2,54,0,0,8,31,11,3,1,0,0,0,0,0,0,0,0,112,0,2,13,46,30,18,3
2017-18,Himachal Pradesh,Lahaul & Spiti,7,0,0,0,1,2,3,1,0,0,0,0,0,0,0,0,0,0,0,0,0,0,0,0,7,0,0,0,1,2,3,1
2017-18,Himachal Pradesh,Mandi,102,0,1,16,21,31,25,8,276,0,2,63,120,76,7,8,0,0,0,0,0,0,0,0,378,0,3,79,141,107,32,16
2017-18,Himachal Pradesh,Shimla,43,1,18,19,3,2,0,0,66,0,18,45,0,3,0,0,0,0,0,0,0,0,0,0,109,1,36,64,3,5,0,0
2017-18,Himachal Pradesh,Sirmaur,47,3,4,3,15,8,11,3,114,2,7,18,68,14,4,1,0,0,0,0,0,0,0,0,161,5,11,21,83,22,15,4
2017-18,Himachal Pradesh,Solan,42,0,1,4,16,13,6,2,98,0,1,19,61,15,1,1,0,0,0,0,0,0,0,0,140,0,2,23,77,28,7,3
2017-18,Himachal Pradesh,Una,96,0,4,2,15,37,23,15,90,0,2,16,34,28,7,3,0,0,0,0,0,0,0,0,186,0,6,18,49,65,30,18
2017-18,Himachal Pradesh,Cyber,0,0,0,0,0,0,0,0,0,0,0,0,0,0,0,0,0,0,0,0,0,0,0,0,0,0,0,0,0,0,0,0
2017-18,Himachal Pradesh,Total,669,5,45,75,176,191,127,50,1179,2,38,219,556,247,83,34,0,0,0,0,0,0,0,0,1848,7,83,294,732,438,210,84
2017-18,Kashmir,Anantnag,56,0,4,1,34,12,5,0,53,1,3,0,34,13,2,0,0,0,0,0,0,0,0,0,109,1,7,1,68,25,7,0
2017-18,Kashmir,Awantipora,23,0,0,0,15,8,0,0,12,0,0,0,9,3,0,0,0,0,0,0,0,0,0,0,35,0,0,0,24,11,0,0
2017-18,Kashmir,Bandipora,16,0,0,6,8,2,0,0,22,0,0,4,12,5,0,1,0,0,0,0,0,0,0,0,38,0,0,10,20,7,0,1
2017-18,Kashmir,Baramulla,5,0,0,2,0,0,3,0,13,0,0,3,7,3,0,0,0,0,0,0,0,0,0,0,18,0,0,5,7,3,3,0
2017-18,Kashmir,Budgam,48,4,0,0,24,18,2,0,100,2,0,0,80,17,1,0,0,0,0,0,0,0,0,0,148,6,0,0,104,35,3,0
2017-18,Kashmir,Crime Jammu,0,0,0,0,0,0,0,0,0,0,0,0,0,0,0,0,0,0,0,0,0,0,0,0,0,0,0,0,0,0,0,0
2017-18,Kashmir,Crime Srinagar,0,0,0,0,0,0,0,0,0,0,0,0,0,0,0,0,0,0,0,0,0,0,0,0,0,0,0,0,0,0,0,0
2017-18,Kashmir,Doda,22,0,0,3,7,11,1,0,55,0,0,4,27,23,1,0,0,0,0,0,0,0,0,0,77,0,0,7,34,34,2,0
2017-18,Kashmir,Ganderbal,27,0,1,3,14,6,0,3,66,0,0,13,41,11,0,1,0,0,0,0,0,0,0,0,93,0,1,16,55,17,0,4
2017-18,Kashmir,Handwara,31,0,0,6,19,3,3,0,6,0,0,0,3,2,1,0,0,0,0,0,0,0,0,0,37,0,0,6,22,5,4,0
2017-18,Kashmir,Jammu,231,0,0,0,103,102,26,0,199,0,0,0,89,69,41,0,0,0,0,0,0,0,0,0,430,0,0,0,192,171,67,0
2017-18,Kashmir,Kargil,5,0,0,0,2,3,0,0,4,0,0,1,2,1,0,0,0,0,0,0,0,0,0,0,9,0,0,1,4,4,0,0
2017-18,Kashmir,Kathua,42,0,1,5,18,11,4,3,137,0,6,22,85,23,1,0,0,0,0,0,0,0,0,0,179,0,7,27,103,34,5,3
2017-18,Kashmir,Kishtwar,24,0,0,1,15,7,0,1,23,0,1,9,8,5,0,0,0,0,0,0,0,0,0,0,47,0,1,10,23,12,0,1
2017-18,Kashmir,Kulgam,42,0,0,0,27,15,0,0,27,0,0,0,22,4,1,0,0,0,0,0,0,0,0,0,69,0,0,0,49,19,1,0
2017-18,Kashmir,Kupwara,92,0,1,9,49,32,1,0,83,0,0,18,53,12,0,0,0,0,0,0,0,0,0,0,175,0,1,27,102,44,1,0
2017-18,Kashmir,Leh,8,0,0,0,2,5,1,0,5,0,0,0,2,3,0,0,0,0,0,0,0,0,0,0,13,0,0,0,4,8,1,0
2017-18,Kashmir,Poonch,19,0,0,1,9,6,2,1,58,0,0,1,53,4,0,0,0,0,0,0,0,0,0,0,77,0,0,2,62,10,2,1
2017-18,Kashmir,Pulwama,38,0,0,0,31,7,0,0,12,0,0,0,6,3,2,1,0,0,0,0,0,0,0,0,50,0,0,0,37,10,2,1
2017-18,Kashmir,Railways Jammu,7,0,0,0,0,2,3,2,1,0,0,0,0,0,1,0,0,0,0,0,0,0,0,0,8,0,0,0,0,2,4,2
2017-18,Kashmir,Railways Kashmir,0,0,0,0,0,0,0,0,0,0,0,0,0,0,0,0,0,0,0,0,0,0,0,0,0,0,0,0,0,0,0,0
2017-18,Kashmir,Railways Katra,0,0,0,0,0,0,0,0,1,0,0,0,0,0,1,0,0,0,0,0,0,0,0,0,1,0,0,0,0,0,1,0
2017-18,Kashmir,Rajouri,8,0,0,3,4,1,0,0,46,0,0,0,43,3,0,0,0,0,0,0,0,0,0,0,54,0,0,3,47,4,0,0
2017-18,Kashmir,Ramban,16,0,2,3,3,4,4,0,34,0,1,3,24,6,0,0,0,0,0,0,0,0,0,0,50,0,3,6,27,10,4,0
2017-18,Kashmir,Reasi,20,0,0,0,8,7,1,4,62,0,0,0,43,17,1,1,0,0,0,0,0,0,0,0,82,0,0,0,51,24,2,5
2017-18,Kashmir,Samba,31,0,1,0,13,12,2,3,52,1,3,6,34,8,0,0,0,0,0,0,0,0,0,0,83,1,4,6,47,20,2,3
2017-18,Kashmir,Shopian,43,0,0,5,38,0,0,0,27,0,0,15,12,0,0,0,0,0,0,0,0,0,0,0,70,0,0,20,50,0,0,0
2017-18,Kashmir,Sopore,34,0,4,3,16,11,0,0,17,0,0,0,15,2,0,0,0,0,0,0,0,0,0,0,51,0,4,3,31,13,0,0
2017-18,Kashmir,Srinagar,118,0,9,12,31,61,5,0,108,0,21,52,3,32,0,0,0,0,0,0,0,0,0,0,226,0,30,64,34,93,5,0
2017-18,Kashmir,Udhampur,88,0,0,4,47,31,4,2,112,0,0,10,82,18,1,1,0,0,0,0,0,0,0,0,200,0,0,14,129,49,5,3
2017-18,Kashmir,Total,1094,4,23,67,537,377,67,19,1335,4,35,161,789,287,54,5,0,0,0,0,0,0,0,0,2429,8,58,228,1326,664,121,24
2017-18,Jharkhand,Bokaro,7,0,3,4,0,0,0,0,16,0,0,16,0,0,0,0,0,0,0,0,0,0,0,0,23,0,3,20,0,0,0,0
2017-18,Jharkhand,Chaibasa,5,1,2,1,1,0,0,0,28,0,7,10,8,3,0,0,0,0,0,0,0,0,0,0,33,1,9,11,9,3,0,0
2017-18,Jharkhand,Chatra,3,0,3,0,0,0,0,0,1,0,0,0,1,0,0,0,4,0,3,0,1,0,0,0,8,0,6,0,2,0,0,0
2017-18,Jharkhand,Deoghar,13,0,1,7,5,0,0,0,13,0,1,5,4,1,2,0,0,0,0,0,0,0,0,0,26,0,2,12,9,1,2,0
2017-18,Jharkhand,Dhanbad,19,0,1,3,5,7,3,0,10,0,0,4,2,3,1,0,0,0,0,0,0,0,0,0,29,0,1,7,7,10,4,0
2017-18,Jharkhand,Dhanbad Railway,5,0,0,0,4,0,0,1,3,0,0,1,0,0,0,2,0,0,0,0,0,0,0,0,8,0,0,1,4,0,0,3
2017-18,Jharkhand,Dumka,23,0,0,7,8,5,3,0,19,0,0,4,6,2,1,6,0,0,0,0,0,0,0,0,42,0,0,11,14,7,4,6
2017-18,Jharkhand,Garhwa,7,0,3,2,1,0,1,0,9,0,0,2,2,5,0,0,0,0,0,0,0,0,0,0,16,0,3,4,3,5,1,0
2017-18,Jharkhand,Giridih,26,1,4,8,2,4,5,2,24,0,1,8,10,2,1,2,0,0,0,0,0,0,0,0,50,1,5,16,12,6,6,4
2017-18,Jharkhand,Godda,0,0,0,0,0,0,0,0,4,0,1,3,0,0,0,0,0,0,0,0,0,0,0,0,4,0,1,3,0,0,0,0
2017-18,Jharkhand,Gumla,6,0,3,1,1,1,0,0,28,0,5,21,2,0,0,0,0,0,0,0,0,0,0,0,34,0,8,22,3,1,0,0
2017-18,Jharkhand,Hazaribagh,33,0,12,6,5,3,4,3,43,0,7,17,11,5,2,1,0,0,0,0,0,0,0,0,76,0,19,23,16,8,6,4
2017-18,Jharkhand,Jamshedpur,23,0,5,6,4,4,4,0,13,0,4,4,4,0,0,1,0,0,0,0,0,0,0,0,36,0,9,10,8,4,4,1
2017-18,Jharkhand,Jamshedpur Railway,2,0,0,0,0,0,2,0,2,0,0,0,1,0,0,1,0,0,0,0,0,0,0,0,4,0,0,0,1,0,2,1
2017-18,Jharkhand,Jamtara,0,0,0,0,0,0,0,0,0,0,0,0,0,0,0,0,0,0,0,0,0,0,0,0,0,0,0,0,0,0,0,0
2017-18,Jharkhand,Khunti,14,0,2,8,2,1,1,0,30,0,10,14,6,0,0,0,0,0,0,0,0,0,0,0,44,0,12,22,8,1,1,0
2017-18,Jharkhand,Koderma,0,0,0,0,0,0,0,0,0,0,0,0,0,0,0,0,0,0,0,0,0,0,0,0,0,0,0,0,0,0,0,0
2017-18,Jharkhand,Latehar,13,0,4,0,4,3,0,2,9,0,3,0,5,0,1,0,0,0,0,0,0,0,0,0,22,0,7,0,9,3,1,2
2017-18,Jharkhand,Lohardagga,11,1,6,1,3,0,0,0,3,0,0,1,2,0,0,0,0,0,0,0,0,0,0,0,14,1,6,2,5,0,0,0
2017-18,Jharkhand,Pakur,3,0,1,0,2,0,0,0,2,0,1,1,0,0,0,0,0,0,0,0,0,0,0,0,5,0,2,1,2,0,0,0
2017-18,Jharkhand,Palamu,38,0,12,9,5,6,3,3,33,0,4,12,15,0,0,2,0,0,0,0,0,0,0,0,71,0,16,21,20,6,3,5
2017-18,Jharkhand,Ramgarh,3,0,0,1,1,1,0,0,3,0,0,2,1,0,0,0,0,0,0,0,0,0,0,0,6,0,0,3,2,1,0,0
2017-18,Jharkhand,Ranchi,82,0,9,13,32,18,10,0,104,0,12,21,29,32,10,0,0,0,0,0,0,0,0,0,186,0,21,34,61,50,20,0
2017-18,Jharkhand,Sahebganj,0,0,0,0,0,0,0,0,0,0,0,0,0,0,0,0,0,0,0,0,0,0,0,0,0,0,0,0,0,0,0,0
2017-18,Jharkhand,Saraikela,0,0,0,0,0,0,0,0,0,0,0,0,0,0,0,0,0,0,0,0,0,0,0,0,0,0,0,0,0,0,0,0
2017-18,Jharkhand,Simdega,3,0,2,0,0,1,0,0,2,0,1,0,1,0,0,0,0,0,0,0,0,0,0,0,5,0,3,0,1,1,0,0
2017-18,Jharkhand,Total,339,3,73,77,85,54,36,11,399,0,57,146,110,53,18,15,4,0,3,0,1,0,0,0,742,3,133,223,196,107,54,26
2017-18,Karnataka,Bagalkot,37,1,1,0,15,12,3,5,87,0,0,0,74,11,2,0,0,0,0,0,0,0,0,0,124,1,1,0,89,23,5,5
2017-18,Karnataka,Bengaluru City,2203,88,85,101,501,783,425,220,3382,102,81,298,1877,716,183,125,0,0,0,0,0,0,0,0,5585,190,166,399,2378,1499,608,345
2017-18,Karnataka,Bengaluru District,264,12,4,8,53,99,53,35,548,13,12,44,316,118,28,17,0,0,0,0,0,0,0,0,812,25,16,52,369,217,81,52
2017-18,Karnataka,Belagavi District,147,2,0,18,46,43,23,15,226,1,0,19,163,37,5,1,0,0,0,0,0,0,0,0,373,3,0,37,209,80,28,16
2017-18,Karnataka,Ballari,114,4,12,3,41,45,2,7,158,2,5,5,119,17,9,1,0,0,0,0,0,0,0,0,272,6,17,8,160,62,11,8
2017-18,Karnataka,Bidar,30,0,0,1,8,12,7,2,78,0,0,0,62,12,2,2,0,0,0,0,0,0,0,0,108,0,0,1,70,24,9,4
2017-18,Karnataka,Vijayapura,89,0,3,12,37,19,10,8,119,1,8,0,94,8,3,5,0,0,0,0,0,0,0,0,208,1,11,12,131,27,13,13
2017-18,Karnataka,Chikkaballapura,103,8,7,3,15,36,22,12,251,4,4,3,187,47,2,4,0,0,0,0,0,0,0,0,354,12,11,6,202,83,24,16
2017-18,Karnataka,Chamarajnagar,50,1,3,1,12,11,12,10,101,3,2,2,66,22,4,2,0,0,0,0,0,0,0,0,151,4,5,3,78,33,16,12
2017-18,Karnataka,Chikkamagaluru,79,4,3,4,26,18,14,10,127,0,4,0,102,12,3,6,2,0,0,0,2,0,0,0,208,4,7,4,130,30,17,16
2017-18,Karnataka,Chitradurga,90,0,0,1,29,31,20,9,187,1,0,0,121,47,8,10,0,0,0,0,0,0,0,0,277,1,0,1,150,78,28,19
2017-18,Karnataka,Dakshina Kannada,73,3,1,2,12,27,19,9,84,1,3,1,53,17,4,5,0,0,0,0,0,0,0,0,157,4,4,3,65,44,23,14
2017-18,Karnataka,Davanagere,130,0,2,12,59,54,2,1,297,0,2,5,208,82,0,0,0,0,0,0,0,0,0,0,427,0,4,17,267,136,2,1
2017-18,Karnataka,Dharwad,35,0,0,0,7,18,8,2,56,0,0,0,46,7,1,2,0,0,0,0,0,0,0,0,91,0,0,0,53,25,9,4
2017-18,Karnataka,Gadag,28,0,0,1,14,4,4,5,62,0,0,0,43,15,2,2,0,0,0,0,0,0,0,0,90,0,0,1,57,19,6,7
2017-18,Karnataka,Kalaburgi,52,0,0,0,23,16,6,7,88,0,0,0,77,9,0,2,0,0,0,0,0,0,0,0,140,0,0,0,100,25,6,9
2017-18,Karnataka,Hassan,151,5,10,1,24,52,40,19,299,9,7,1,200,61,15,6,0,0,0,0,0,0,0,0,450,14,17,2,224,113,55,25
2017-18,Karnataka,Haveri,63,0,0,10,9,24,12,8,130,0,0,9,90,28,2,1,0,0,0,0,0,0,0,0,193,0,0,19,99,52,14,9
2017-18,Karnataka,Hubballi Dharwad City,65,4,2,1,11,25,12,10,90,1,2,1,72,8,5,1,0,0,0,0,0,0,0,0,155,5,4,2,83,33,17,11
2017-18,Karnataka,K.G.F.,23,2,1,0,8,7,4,1,67,1,1,0,57,8,0,0,0,0,0,0,0,0,0,0,90,3,2,0,65,15,4,1
2017-18,Karnataka,Kodagu,90,0,2,9,9,33,25,12,120,0,2,29,51,24,8,6,0,0,0,0,0,0,0,0,210,0,4,38,60,57,33,18
2017-18,Karnataka,Kolar,57,6,4,1,23,12,8,3,168,7,6,1,136,13,4,1,0,0,0,0,0,0,0,0,225,13,10,2,159,25,12,4
2017-18,Karnataka,Koppal,35,0,0,0,11,16,5,3,67,0,0,0,56,7,2,2,0,0,0,0,0,0,0,0,102,0,0,0,67,23,7,5
2017-18,Karnataka,Mandya,186,12,7,0,30,61,39,37,427,17,14,0,275,84,22,15,0,0,0,0,0,0,0,0,613,29,21,0,305,145,61,52
2017-18,Karnataka,Mangaluru City,122,2,0,0,56,46,9,9,93,0,2,1,69,17,1,3,0,0,0,0,0,0,0,0,215,2,2,1,125,63,10,12
2017-18,Karnataka,Mysuru City,247,7,9,39,74,61,29,28,336,8,7,59,198,36,11,17,0,0,0,0,0,0,0,0,583,15,16,98,272,97,40,45
2017-18,Karnataka,Mysuru District,195,0,0,25,114,53,3,0,343,0,0,21,300,22,0,0,0,0,0,0,0,0,0,0,538,0,0,46,414,75,3,0
2017-18,Karnataka,Raichur,54,2,3,0,24,14,7,4,82,0,0,1,69,7,2,3,0,0,0,0,0,0,0,0,136,2,3,1,93,21,9,7
2017-18,Karnataka,K.Railways,14,3,1,1,1,3,1,4,11,0,0,0,9,1,0,1,0,0,0,0,0,0,0,0,25,3,1,1,10,4,1,5
2017-18,Karnataka,Ramanagara,216,9,14,9,65,80,30,9,386,6,4,17,125,96,115,23,0,0,0,0,0,0,0,0,602,15,18,26,190,176,145,32
2017-18,Karnataka,Shimoga,241,0,0,34,88,56,41,22,445,0,0,34,355,37,13,6,0,0,0,0,0,0,0,0,686,0,0,68,443,93,54,28
2017-18,Karnataka,Tumakuru,149,6,5,0,43,45,26,24,335,17,8,0,276,21,9,4,0,0,0,0,0,0,0,0,484,23,13,0,319,66,35,28
2017-18,Karnataka,Udupi,91,0,2,4,20,33,18,14,73,1,0,6,44,16,3,3,0,0,0,0,0,0,0,0,164,1,2,10,64,49,21,17
2017-18,Karnataka,Uttara Kannada,92,5,0,0,17,36,28,6,137,5,2,1,86,36,6,1,0,0,0,0,0,0,0,0,229,10,2,1,103,72,34,7
2017-18,Karnataka,Yadgiri,23,0,0,5,7,7,4,0,34,0,1,1,27,3,0,2,0,0,0,0,0,0,0,0,57,0,1,6,34,10,4,2
2017-18,Karnataka,Belagavi City,71,0,0,4,19,25,11,12,73,0,0,10,55,7,1,0,0,0,0,0,0,0,0,0,144,0,0,14,74,32,12,12
2017-18,Karnataka,Total,5709,186,181,310,1551,1917,982,582,9567,200,177,569,6158,1709,475,279,2,0,0,0,2,0,0,0,15278,386,358,879,7711,3626,1457,861
2017-18,Kerala,Alapuzha,248,8,5,21,88,60,49,17,565,6,4,41,415,63,19,17,0,0,0,0,0,0,0,0,813,14,9,62,503,123,68,34
2017-18,Kerala,Ernakulam Commr.,208,6,6,23,62,55,35,21,443,7,9,38,262,45,68,14,0,0,0,0,0,0,0,0,651,13,15,61,324,100,103,35
2017-18,Kerala,Ernakulam Rural,242,5,15,39,84,54,31,14,505,1,9,45,355,64,25,6,0,0,0,0,0,0,0,0,747,6,24,84,439,118,56,20
2017-18,Kerala,Idukki,177,6,15,10,62,46,24,14,249,1,8,29,162,37,11,1,0,0,0,0,0,0,0,0,426,7,23,39,224,83,35,15
2017-18,Kerala,Kannur,163,4,6,20,45,46,23,19,282,5,4,27,193,46,5,2,0,0,0,0,0,0,0,0,445,9,10,47,238,92,28,21
2017-18,Kerala,Kasargod,114,0,15,13,23,33,19,11,170,0,7,30,99,31,1,2,0,0,0,0,0,0,0,0,284,0,22,43,122,64,20,13
2017-18,Kerala,Kollam Commr.,213,12,12,48,27,32,57,25,560,9,18,41,363,103,21,5,0,0,0,0,0,0,0,0,773,21,30,89,390,135,78,30
2017-18,Kerala,Kollam Rural,242,18,19,33,27,60,54,31,512,18,11,21,320,90,21,31,0,0,0,0,0,0,0,0,754,36,30,54,347,150,75,62
2017-18,Kerala,Kottayam,168,0,1,18,55,52,31,11,493,2,5,45,290,122,20,9,0,0,0,0,0,0,0,0,661,2,6,63,345,174,51,20
2017-18,Kerala,Kozhikode Commr.,161,0,8,36,47,29,27,14,165,0,15,36,95,13,4,2,46,0,0,14,30,1,1,0,372,0,23,86,172,43,32,16
2017-18,Kerala,Kozhikode Rural,197,2,12,37,61,42,30,13,362,5,4,33,275,35,8,2,0,0,0,0,0,0,0,0,559,7,16,70,336,77,38,15
2017-18,Kerala,Malappuram,269,9,25,53,84,59,25,14,373,5,11,55,273,28,0,1,0,0,0,0,0,0,0,0,642,14,36,108,357,87,25,15
2017-18,Kerala,Palakkad,279,17,21,30,28,81,67,35,545,21,21,44,299,132,18,10,0,0,0,0,0,0,0,0,824,38,42,74,327,213,85,45
2017-18,Kerala,Pathanamthitta,132,3,19,12,23,20,18,37,310,6,8,22,212,45,14,3,0,0,0,0,0,0,0,0,442,9,27,34,235,65,32,40
2017-18,Kerala,Railways,21,0,0,0,7,7,2,5,4,0,0,0,4,0,0,0,0,0,0,0,0,0,0,0,25,0,0,0,11,7,2,5
2017-18,Kerala,Thrissur Commr.,268,11,11,41,58,61,53,33,509,10,19,51,348,53,18,10,0,0,0,0,0,0,0,0,777,21,30,92,406,114,71,43
2017-18,Kerala,Thrissur Rural,198,7,10,30,42,43,45,21,413,3,16,47,275,52,12,8,0,0,0,0,0,0,0,0,611,10,26,77,317,95,57,29
2017-18,Kerala,Trivandrum Commr.,166,3,12,22,45,36,26,22,373,8,11,48,264,25,8,9,0,0,0,0,0,0,0,0,539,11,23,70,309,61,34,31
2017-18,Kerala,Trivandrum Rural,369,20,27,45,70,68,81,58,888,15,18,65,557,165,40,28,0,0,0,0,0,0,0,0,1257,35,45,110,627,233,121,86
2017-18,Kerala,Wayanadu,58,3,1,5,14,15,10,10,115,5,8,16,57,24,5,0,0,0,0,0,0,0,0,0,173,8,9,21,71,39,15,10
2017-18,Kerala,Crime Branch,3,0,0,0,0,1,1,1,3,0,0,0,1,1,1,0,0,0,0,0,0,0,0,0,6,0,0,0,1,2,2,1
2017-18,Kerala,Total,3896,134,240,536,952,900,708,426,7839,127,206,734,5119,1174,319,160,46,0,0,14,30,1,1,0,11781,261,446,1284,6101,2075,1028,586
2017-18,Madhya Pradesh,Agar,47,0,4,3,16,14,8,2,130,0,3,25,75,26,1,0,0,0,0,0,0,0,0,0,177,0,7,28,91,40,9,2
2017-18,Madhya Pradesh,Alirajpur,33,2,2,3,10,10,6,0,333,0,10,65,192,58,8,0,0,0,0,0,0,0,0,0,366,2,12,68,202,68,14,0
2017-18,Madhya Pradesh,Anuppur,88,1,8,12,38,10,13,6,385,2,14,102,211,48,5,3,0,0,0,0,0,0,0,0,473,3,22,114,249,58,18,9
2017-18,Madhya Pradesh,Ashok Nagar,103,0,7,17,38,19,11,11,256,0,12,91,119,25,6,3,0,0,0,0,0,0,0,0,359,0,19,108,157,44,17,14
2017-18,Madhya Pradesh,Balaghat,245,0,13,17,99,64,29,23,716,0,5,118,498,73,15,7,0,0,0,0,0,0,0,0,961,0,18,135,597,137,44,30
2017-18,Madhya Pradesh,Barwani,99,0,8,4,35,29,19,4,329,1,10,45,196,63,12,2,0,0,0,0,0,0,0,0,428,1,18,49,231,92,31,6
2017-18,Madhya Pradesh,Betul,337,6,29,25,96,108,49,24,879,7,34,182,461,166,22,7,0,0,0,0,0,0,0,0,1216,13,63,207,557,274,71,31
2017-18,Madhya Pradesh,Bhind,138,1,23,28,55,16,12,3,264,1,11,69,151,29,1,2,0,0,0,0,0,0,0,0,402,2,34,97,206,45,13,5
2017-18,Madhya Pradesh,Bhopal,956,4,108,92,273,287,149,43,1353,1,72,210,661,329,58,22,0,0,0,0,0,0,0,0,2309,5,180,302,934,616,207,65
2017-18,Madhya Pradesh,Bhopal Railway,69,2,4,2,25,12,12,12,65,0,2,12,37,12,0,2,0,0,0,0,0,0,0,0,134,2,6,14,62,24,12,14
2017-18,Madhya Pradesh,Burhanpur,95,1,3,7,35,27,13,9,166,2,5,36,100,18,4,1,0,0,0,0,0,0,0,0,261,3,8,43,135,45,17,10
2017-18,Madhya Pradesh,Chhatarpur,227,1,32,31,84,45,28,6,546,0,42,142,247,92,21,2,0,0,0,0,0,0,0,0,773,1,74,173,331,137,49,8
2017-18,Madhya Pradesh,Chhindwara,32,0,2,6,10,9,4,1,94,0,0,21,47,24,2,0,0,0,0,0,0,0,0,0,126,0,2,27,57,33,6,1
2017-18,Madhya Pradesh,Damoh,185,0,18,17,54,53,28,15,452,1,18,93,206,119,13,2,0,0,0,0,0,0,0,0,637,1,36,110,260,172,41,17
2017-18,Madhya Pradesh,Datia,83,0,5,9,39,19,9,2,189,0,5,40,115,24,3,2,3,0,0,0,0,0,3,0,275,0,10,49,154,43,15,4
2017-18,Madhya Pradesh,Dewas,33,0,5,27,1,0,0,0,98,0,76,22,0,0,0,0,0,0,0,0,0,0,0,0,131,0,81,49,1,0,0,0
2017-18,Madhya Pradesh,Dhar,274,1,22,17,126,66,32,10,1176,1,27,291,702,128,18,9,0,0,0,0,0,0,0,0,1450,2,49,308,828,194,50,19
2017-18,Madhya Pradesh,Dindori,65,0,5,8,12,25,12,3,236,1,12,57,114,47,5,0,0,0,0,0,0,0,0,0,301,1,17,65,126,72,17,3
2017-18,Madhya Pradesh,Guna,158,0,11,18,48,45,30,6,439,0,13,106,224,81,10,5,0,0,0,0,0,0,0,0,597,0,24,124,272,126,40,11
2017-18,Madhya Pradesh,Gwalior,778,4,72,77,334,194,66,31,992,0,43,173,582,157,21,16,0,0,0,0,0,0,0,0,1770,4,115,250,916,351,87,47
2017-18,Madhya Pradesh,Harda,190,5,15,24,79,45,11,11,521,6,17,116,288,77,12,5,0,0,0,0,0,0,0,0,711,11,32,140,367,122,23,16
2017-18,Madhya Pradesh,Hoshangabad,327,0,28,24,131,78,39,27,709,0,19,145,450,78,9,8,0,0,0,0,0,0,0,0,1036,0,47,169,581,156,48,35
2017-18,Madhya Pradesh,Indore,1246,3,105,122,619,206,114,77,2458,4,103,486,1497,276,43,49,0,0,0,0,0,0,0,0,3704,7,208,608,2116,482,157,126
2017-18,Madhya Pradesh,Indore Railway,9,0,0,1,6,1,1,0,19,0,0,1,10,6,1,1,0,0,0,0,0,0,0,0,28,0,0,2,16,7,2,1
2017-18,Madhya Pradesh,Jabalpur,983,2,69,79,282,317,175,59,1680,0,61,306,851,361,71,30,0,0,0,0,0,0,0,0,2663,2,130,385,1133,678,246,89
2017-18,Madhya Pradesh,Jabalpur Railway,33,0,0,2,14,10,2,5,57,0,1,5,33,10,3,5,0,0,0,0,0,0,0,0,90,0,1,7,47,20,5,10
2017-18,Madhya Pradesh,Jhabua,82,2,9,7,43,13,6,2,605,0,41,157,345,59,2,1,0,0,0,0,0,0,0,0,687,2,50,164,388,72,8,3
2017-18,Madhya Pradesh,Katni,252,2,14,44,79,64,31,18,652,2,16,150,319,140,20,5,0,0,0,0,0,0,0,0,904,4,30,194,398,204,51,23
2017-18,Madhya Pradesh,Khandwa,165,0,5,13,70,36,23,18,646,1,13,136,397,85,12,2,0,0,0,0,0,0,0,0,811,1,18,149,467,121,35,20
2017-18,Madhya Pradesh,Khargone,250,30,30,15,85,54,26,10,867,16,32,198,496,112,12,1,0,0,0,0,0,0,0,0,1117,46,62,213,581,166,38,11
2017-18,Madhya Pradesh,Mandla,107,1,11,8,33,33,17,4,368,9,13,88,158,75,21,4,0,0,0,0,0,0,0,0,475,10,24,96,191,108,38,8
2017-18,Madhya Pradesh,Mandsaur,227,0,8,20,135,40,24,0,552,2,12,96,286,126,29,1,0,0,0,0,0,0,0,0,779,2,20,116,421,166,53,1
2017-18,Madhya Pradesh,Morena,193,1,23,35,48,51,28,7,299,0,8,67,127,77,13,7,0,0,0,0,0,0,0,0,492,1,31,102,175,128,41,14
2017-18,Madhya Pradesh,Narsinghpur,264,0,3,23,131,69,21,17,544,0,8,102,346,74,9,5,0,0,0,0,0,0,0,0,808,0,11,125,477,143,30,22
2017-18,Madhya Pradesh,Neemuch,96,0,1,1,55,28,9,2,293,0,4,31,224,28,5,1,0,0,0,0,0,0,0,0,389,0,5,32,279,56,14,3
2017-18,Madhya Pradesh,Panna,78,0,2,15,38,19,4,0,272,0,10,79,119,61,3,0,0,0,0,0,0,0,0,0,350,0,12,94,157,80,7,0
2017-18,Madhya Pradesh,Raisen,268,23,0,28,52,75,65,25,654,15,91,93,160,130,91,74,0,0,0,0,0,0,0,0,922,38,91,121,212,205,156,99
2017-18,Madhya Pradesh,Rajgarh,132,1,8,9,50,38,16,10,395,0,4,95,228,60,5,3,0,0,0,0,0,0,0,0,527,1,12,104,278,98,21,13
2017-18,Madhya Pradesh,Ratlam,279,0,7,16,116,99,39,2,903,0,15,196,407,196,86,3,0,0,0,0,0,0,0,0,1182,0,22,212,523,295,125,5
2017-18,Madhya Pradesh,Rewa,101,0,0,12,45,43,1,0,272,0,35,105,100,16,16,0,0,0,0,0,0,0,0,0,373,0,35,117,145,59,17,0
2017-18,Madhya Pradesh,Sagar,505,1,24,73,231,105,38,33,1093,2,21,274,653,116,19,8,0,0,0,0,0,0,0,0,1598,3,45,347,884,221,57,41
2017-18,Madhya Pradesh,Satna,723,6,67,89,203,194,104,60,1838,3,62,337,907,438,63,28,0,0,0,0,0,0,0,0,2561,9,129,426,1110,632,167,88
2017-18,Madhya Pradesh,Seoni,178,0,5,17,91,42,16,7,601,2,31,116,388,49,9,6,0,0,0,0,0,0,0,0,779,2,36,133,479,91,25,13
2017-18,Madhya Pradesh,Shahdol,216,0,38,28,85,44,17,4,536,0,20,137,308,62,7,2,0,0,0,0,0,0,0,0,752,0,58,165,393,106,24,6
2017-18,Madhya Pradesh,Shajapur,98,0,4,9,45,20,13,7,297,0,4,59,183,36,11,4,0,0,0,0,0,0,0,0,395,0,8,68,228,56,24,11
2017-18,Madhya Pradesh,Sheopur,48,0,7,11,13,15,2,0,91,1,0,18,55,15,2,0,0,0,0,0,0,0,0,0,139,1,7,29,68,30,4,0
2017-18,Madhya Pradesh,Shivpuri,174,1,21,23,43,48,25,13,409,0,10,98,166,115,17,3,0,0,0,0,0,0,0,0,583,1,31,121,209,163,42,16
2017-18,Madhya Pradesh,Sidhi,110,2,29,22,39,11,3,4,382,0,23,97,209,36,11,6,0,0,0,0,0,0,0,0,492,2,52,119,248,47,14,10
2017-18,Madhya Pradesh,Sehore,234,2,17,26,71,67,35,16,492,5,16,100,260,101,10,0,0,0,0,0,0,0,0,0,726,7,33,126,331,168,45,16
2017-18,Madhya Pradesh,Singrauli,105,0,5,20,30,23,20,7,235,0,8,58,99,56,11,3,0,0,0,0,0,0,0,0,340,0,13,78,129,79,31,10
2017-18,Madhya Pradesh,Tikamgarh,113,1,25,13,38,25,8,3,360,0,26,137,139,52,4,2,0,0,0,0,0,0,0,0,473,1,51,150,177,77,12,5
2017-18,Madhya Pradesh,Ujjain,421,2,35,29,178,104,48,25,847,4,39,126,544,112,17,5,0,0,0,0,0,0,0,0,1268,6,74,155,722,216,65,30
2017-18,Madhya Pradesh,Umaria,82,0,12,7,27,30,6,0,215,0,12,51,76,57,19,0,0,0,0,0,0,0,0,0,297,0,24,58,103,87,25,0
2017-18,Madhya Pradesh,Vidisha,267,1,5,57,73,72,46,13,501,1,7,128,236,110,17,2,0,0,0,0,0,0,0,0,768,2,12,185,309,182,63,15
2017-18,Madhya Pradesh,Cyber Crime Cell,0,0,0,0,0,0,0,0,0,0,0,0,0,0,0,0,0,0,0,0,0,0,0,0,0,0,0,0,0,0,0,0
2017-18,Madhya Pradesh,Total,12601,109,1013,1342,4706,3171,1563,697,29761,90,1196,6288,16002,4921,905,359,3,0,0,0,0,0,3,0,42365,199,2209,7630,20708,8092,2471,1056
2017-18,Maharashtra,Ahmednagar,806,43,20,3,259,270,152,59,1247,35,17,2,754,350,60,29,0,0,0,0,0,0,0,0,2053,78,37,5,1013,620,212,88
2017-18,Maharashtra,Akola,305,8,8,0,59,116,81,33,403,12,8,1,262,90,23,7,0,0,0,0,0,0,0,0,708,20,16,1,321,206,104,40
2017-18,Maharashtra,Amravati Commr.,315,0,0,0,130,97,52,36,334,0,0,0,246,66,14,8,0,0,0,0,0,0,0,0,649,0,0,0,376,163,66,44
2017-18,Maharashtra,Amravati Rural,283,1,1,0,59,108,83,31,540,2,2,0,361,135,28,12,0,0,0,0,0,0,0,0,823,3,3,0,420,243,111,43
2017-18,Maharashtra,Aurangabad Commr.,587,0,0,0,210,233,108,36,608,0,1,0,364,193,34,16,0,0,0,0,0,0,0,0,1195,0,1,0,574,426,142,52
2017-18,Maharashtra,Aurangabad Rural,144,0,0,3,39,55,37,10,155,0,0,0,94,48,10,3,0,0,0,0,0,0,0,0,299,0,0,3,133,103,47,13
2017-18,Maharashtra,Beed,120,2,0,0,42,38,25,13,190,1,2,0,97,75,12,3,0,0,0,0,0,0,0,0,310,3,2,0,139,113,37,16
2017-18,Maharashtra,Bhandara,220,0,0,0,99,69,34,18,486,0,0,0,405,62,11,8,0,0,0,0,0,0,0,0,706,0,0,0,504,131,45,26
2017-18,Maharashtra,Buldhana,319,12,10,14,131,103,38,11,388,10,7,55,230,61,14,11,0,0,0,0,0,0,0,0,707,22,17,69,361,164,52,22
2017-18,Maharashtra,Chandrapur,513,0,0,0,261,180,58,14,793,0,0,0,419,282,73,19,0,0,0,0,0,0,0,0,1306,0,0,0,680,462,131,33
2017-18,Maharashtra,Dhule,280,3,1,0,78,112,62,24,382,0,0,0,256,101,17,8,0,0,0,0,0,0,0,0,662,3,1,0,334,213,79,32
2017-18,Maharashtra,Gadchiroli,96,1,0,0,37,30,20,8,210,1,1,0,158,41,7,2,0,0,0,0,0,0,0,0,306,2,1,0,195,71,27,10
2017-18,Maharashtra,Gondia,192,0,0,0,55,79,52,6,391,0,0,0,281,88,18,4,0,0,0,0,0,0,0,0,583,0,0,0,336,167,70,10
2017-18,Maharashtra,Hingoli,82,0,0,0,34,32,9,7,104,0,0,1,65,34,3,1,0,0,0,0,0,0,0,0,186,0,0,1,99,66,12,8
2017-18,Maharashtra,Jalgaon,605,57,12,16,223,186,94,17,831,37,10,8,331,247,169,29,0,0,0,0,0,0,0,0,1436,94,22,24,554,433,263,46
2017-18,Maharashtra,Jalna,87,0,0,0,40,31,12,4,137,0,0,0,73,51,11,2,0,0,0,0,0,0,0,0,224,0,0,0,113,82,23,6
2017-18,Maharashtra,Kolhapur,696,33,32,9,263,193,99,67,1113,28,19,90,822,110,16,28,0,0,0,0,0,0,0,0,1809,61,51,99,1085,303,115,95
2017-18,Maharashtra,Latur,204,0,0,0,105,63,22,14,396,0,0,29,290,52,17,8,0,0,0,0,0,0,0,0,600,0,0,29,395,115,39,22
2017-18,Maharashtra,Mumbai Commr.,4783,4,0,0,1460,1859,1010,450,5201,1,0,0,2911,1620,405,264,0,0,0,0,0,0,0,0,9984,5,0,0,4371,3479,1415,714
2017-18,Maharashtra,Mumbai Railway,130,2,1,0,28,50,33,16,88,0,1,2,55,25,1,4,0,0,0,0,0,0,0,0,218,2,2,2,83,75,34,20
2017-18,Maharashtra,Nagpur Commr.,1453,0,0,0,406,542,352,153,1645,0,0,0,846,522,180,97,0,0,0,0,0,0,0,0,3098,0,0,0,1252,1064,532,250
2017-18,Maharashtra,Nagpur Railway,26,0,0,0,11,11,2,2,14,0,0,0,12,0,2,0,0,0,0,0,0,0,0,0,40,0,0,0,23,11,4,2
2017-18,Maharashtra,Nagpur Rural,400,0,0,2,107,161,97,33,613,0,0,0,399,161,41,12,0,0,0,0,0,0,0,0,1013,0,0,2,506,322,138,45
2017-18,Maharashtra,Nanded,297,0,0,0,105,114,51,27,345,0,0,0,226,89,15,15,0,0,0,0,0,0,0,0,642,0,0,0,331,203,66,42
2017-18,Maharashtra,Nandurbar,123,9,5,4,58,23,13,11,171,0,1,0,110,49,8,3,0,0,0,0,0,0,0,0,294,9,6,4,168,72,21,14
2017-18,Maharashtra,Nasik Commr.,687,0,1,0,229,273,126,58,862,0,1,0,556,235,48,22,0,0,0,0,0,0,0,0,1549,0,2,0,785,508,174,80
2017-18,Maharashtra,Nasik Rural,614,2,12,25,180,245,80,70,1011,3,3,241,201,372,116,75,0,0,0,0,0,0,0,0,1625,5,15,266,381,617,196,145
2017-18,Maharashtra,Navi Mumbai,870,30,17,1,208,361,168,85,1053,18,16,4,588,334,54,39,0,0,0,0,0,0,0,0,1923,48,33,5,796,695,222,124
2017-18,Maharashtra,Osmanabad,194,4,5,0,53,75,42,15,266,2,2,2,160,78,15,7,0,0,0,0,0,0,0,0,460,6,7,2,213,153,57,22
2017-18,Maharashtra,Palghar,891,63,35,2,262,300,159,70,1256,71,35,2,664,389,73,22,0,0,0,0,0,0,0,0,2147,134,70,4,926,689,232,92
2017-18,Maharashtra,Parbhani,195,0,1,3,58,73,39,21,217,0,2,3,137,61,10,4,0,0,0,0,0,0,0,0,412,0,3,6,195,134,49,25
2017-18,Maharashtra,Pune Commr.,2095,5,5,1,622,833,452,177,2504,2,2,3,1457,802,163,75,0,0,0,0,0,0,0,0,4599,7,7,4,2079,1635,615,252
2017-18,Maharashtra,Pune Railway,29,1,1,0,8,9,3,7,23,1,0,0,15,3,0,4,0,0,0,0,0,0,0,0,52,2,1,0,23,12,3,11
2017-18,Maharashtra,Pune Rural,1089,45,24,10,269,422,229,90,1546,21,30,0,901,468,87,39,0,0,0,0,0,0,0,0,2635,66,54,10,1170,890,316,129
2017-18,Maharashtra,Raigad,293,7,8,4,102,104,46,22,365,5,9,25,259,44,14,9,0,0,0,0,0,0,0,0,658,12,17,29,361,148,60,31
2017-18,Maharashtra,Ratnagiri,201,4,5,3,35,78,48,28,328,10,7,7,174,94,26,10,0,0,0,0,0,0,0,0,529,14,12,10,209,172,74,38
2017-18,Maharashtra,Sangli,554,15,19,2,146,202,129,41,803,8,11,0,489,238,44,13,0,0,0,0,0,0,0,0,1357,23,30,2,635,440,173,54
2017-18,Maharashtra,Satara,471,8,10,0,110,176,111,56,973,5,8,1,613,265,51,30,0,0,0,0,0,0,0,0,1444,13,18,1,723,441,162,86
2017-18,Maharashtra,Sindhudurg,104,6,5,1,15,37,25,15,111,1,2,0,71,29,2,6,0,0,0,0,0,0,0,0,215,7,7,1,86,66,27,21
2017-18,Maharashtra,Solapur Commr.,270,11,6,2,70,97,55,29,367,4,8,6,216,95,28,10,0,0,0,0,0,0,0,0,637,15,14,8,286,192,83,39
2017-18,Maharashtra,Solapur Rural,431,0,0,0,142,158,87,44,681,0,0,0,420,205,33,23,0,0,0,0,0,0,0,0,1112,0,0,0,562,363,120,67
2017-18,Maharashtra,Thane Commr.,1989,0,0,0,574,805,430,180,2352,0,0,0,1452,656,160,84,0,0,0,0,0,0,0,0,4341,0,0,0,2026,1461,590,264
2017-18,Maharashtra,Thane Rural,525,2,2,1,150,218,105,47,663,3,3,2,401,200,34,20,0,0,0,0,0,0,0,0,1188,5,5,3,551,418,139,67
2017-18,Maharashtra,Wardha,312,0,0,2,57,125,96,32,559,0,0,0,328,165,49,17,0,0,0,0,0,0,0,0,871,0,0,2,385,290,145,49
2017-18,Maharashtra,Washim,162,0,0,0,43,82,32,5,208,0,0,2,122,67,13,4,0,0,0,0,0,0,0,0,370,0,0,2,165,149,45,9
2017-18,Maharashtra,Yavatmal,395,1,1,0,85,173,101,34,686,0,2,0,419,212,37,16,0,0,0,0,0,0,0,0,1081,1,3,0,504,385,138,50
2017-18,Maharashtra,Pimpri Chinchwad City,534,0,0,0,74,135,49,276,316,0,0,0,210,101,0,5,0,0,0,0,0,0,0,0,850,0,0,0,284,236,49,281
2017-18,Maharashtra,Aurangabad Railway,25,0,0,0,13,6,3,3,29,0,0,0,18,3,2,6,0,0,0,0,0,0,0,0,54,0,0,0,31,9,5,9
2017-18,Maharashtra,Total,25996,379,247,108,7804,9742,5211,2505,33964,281,210,486,19938,9668,2248,1133,0,0,0,0,0,0,0,0,59960,660,457,594,27742,19410,7459,3638
2017-18,Manipur,Bishnupur,16,1,6,1,5,0,3,0,11,1,0,3,4,1,1,1,0,0,0,0,0,0,0,0,27,2,6,4,9,1,4,1
2017-18,Manipur,Chandel,3,0,2,1,0,0,0,0,1,0,0,1,0,0,0,0,0,0,0,0,0,0,0,0,4,0,2,2,0,0,0,0
2017-18,Manipur,Churachandpur,0,0,0,0,0,0,0,0,0,0,0,0,0,0,0,0,0,0,0,0,0,0,0,0,0,0,0,0,0,0,0,0
2017-18,Manipur,CID,0,0,0,0,0,0,0,0,0,0,0,0,0,0,0,0,0,0,0,0,0,0,0,0,0,0,0,0,0,0,0,0
2017-18,Manipur,Imphal East,46,0,9,7,15,11,2,2,85,1,1,19,28,26,9,1,0,0,0,0,0,0,0,0,131,1,10,26,43,37,11,3
2017-18,Manipur,Imphal West,32,0,0,7,16,6,2,1,19,1,1,3,7,4,3,0,0,0,0,0,0,0,0,0,51,1,1,10,23,10,5,1
2017-18,Manipur,Senapati,5,0,0,0,3,0,2,0,1,0,0,0,1,0,0,0,0,0,0,0,0,0,0,0,6,0,0,0,4,0,2,0
2017-18,Manipur,Tamenglong,0,0,0,0,0,0,0,0,0,0,0,0,0,0,0,0,0,0,0,0,0,0,0,0,0,0,0,0,0,0,0,0
2017-18,Manipur,Thoubal,25,1,4,7,7,5,1,0,44,1,2,5,17,16,2,1,0,0,0,0,0,0,0,0,69,2,6,12,24,21,3,1
2017-18,Manipur,Ukhrul,0,0,0,0,0,0,0,0,0,0,0,0,0,0,0,0,0,0,0,0,0,0,0,0,0,0,0,0,0,0,0,0
2017-18,Manipur,Total,127,2,21,23,46,22,10,3,161,4,4,31,57,47,15,3,0,0,0,0,0,0,0,0,288,6,25,54,103,69,25,6
2017-18,Meghalaya,Garo Hills East,0,0,0,0,0,0,0,0,0,0,0,0,0,0,0,0,0,0,0,0,0,0,0,0,0,0,0,0,0,0,0,0
2017-18,Meghalaya,Garo Hills North,6,0,0,4,2,0,0,0,10,0,0,6,4,0,0,0,0,0,0,0,0,0,0,0,16,0,0,10,6,0,0,0
2017-18,Meghalaya,Garo Hills South,0,0,0,0,0,0,0,0,0,0,0,0,0,0,0,0,0,0,0,0,0,0,0,0,0,0,0,0,0,0,0,0
2017-18,Meghalaya,Garo Hills South West,2,0,0,0,1,1,0,0,8,0,0,6,0,1,0,1,0,0,0,0,0,0,0,0,10,0,0,6,1,2,0,1
2017-18,Meghalaya,Garo Hills West,7,2,0,0,1,2,2,0,21,2,3,5,5,5,1,0,0,0,0,0,0,0,0,0,28,4,3,5,6,7,3,0
2017-18,Meghalaya,Jaintia Hills West,9,0,2,0,3,3,1,0,14,0,2,7,5,0,0,0,0,0,0,0,0,0,0,0,23,0,4,7,8,3,1,0
2017-18,Meghalaya,Jaintia Hills East,2,0,0,1,1,0,0,0,8,0,2,5,1,0,0,0,0,0,0,0,0,0,0,0,10,0,2,6,2,0,0,0
2017-18,Meghalaya,Khasi Hills East,94,0,12,22,22,26,10,2,97,0,2,28,47,16,3,1,0,0,0,0,0,0,0,0,191,0,14,50,69,42,13,3
2017-18,Meghalaya,Khasi Hills South West,0,0,0,0,0,0,0,0,0,0,0,0,0,0,0,0,0,0,0,0,0,0,0,0,0,0,0,0,0,0,0,0
2017-18,Meghalaya,Khasi Hills West,0,0,0,0,0,0,0,0,0,0,0,0,0,0,0,0,0,0,0,0,0,0,0,0,0,0,0,0,0,0,0,0
2017-18,Meghalaya,Ri-Bhoi,10,1,1,3,1,2,2,0,8,0,1,1,3,2,0,1,0,0,0,0,0,0,0,0,18,1,2,4,4,4,2,1
2017-18,Meghalaya,Cyber Cell,0,0,0,0,0,0,0,0,0,0,0,0,0,0,0,0,0,0,0,0,0,0,0,0,0,0,0,0,0,0,0,0
2017-18,Meghalaya,Total,130,3,15,30,31,34,15,2,166,2,10,58,65,24,4,3,0,0,0,0,0,0,0,0,296,5,25,88,96,58,19,5
2017-18,Mizoram,Aizawl,0,0,0,0,0,0,0,0,0,0,0,0,0,0,0,0,0,0,0,0,0,0,0,0,0,0,0,0,0,0,0,0
2017-18,Mizoram,Champhai,3,0,3,0,0,0,0,0,0,0,0,0,0,0,0,0,0,0,0,0,0,0,0,0,3,0,3,0,0,0,0,0
2017-18,Mizoram,Kolasib,0,0,0,0,0,0,0,0,0,0,0,0,0,0,0,0,0,0,0,0,0,0,0,0,0,0,0,0,0,0,0,0
2017-18,Mizoram,Lawngtlai,0,0,0,0,0,0,0,0,0,0,0,0,0,0,0,0,0,0,0,0,0,0,0,0,0,0,0,0,0,0,0,0
2017-18,Mizoram,Lunglei,0,0,0,0,0,0,0,0,0,0,0,0,0,0,0,0,0,0,0,0,0,0,0,0,0,0,0,0,0,0,0,0
2017-18,Mizoram,Mamit,0,0,0,0,0,0,0,0,0,0,0,0,0,0,0,0,0,0,0,0,0,0,0,0,0,0,0,0,0,0,0,0
2017-18,Mizoram,Saiha,0,0,0,0,0,0,0,0,0,0,0,0,0,0,0,0,0,0,0,0,0,0,0,0,0,0,0,0,0,0,0,0
2017-18,Mizoram,Serchhip,0,0,0,0,0,0,0,0,0,0,0,0,0,0,0,0,0,0,0,0,0,0,0,0,0,0,0,0,0,0,0,0
2017-18,Mizoram,Spl Narcotic,0,0,0,0,0,0,0,0,0,0,0,0,0,0,0,0,0,0,0,0,0,0,0,0,0,0,0,0,0,0,0,0
2017-18,Mizoram,Total,3,0,3,0,0,0,0,0,0,0,0,0,0,0,0,0,0,0,0,0,0,0,0,0,3,0,3,0,0,0,0,0
2017-18,Nagaland,Dimapur,38,0,8,9,7,10,4,0,38,1,10,16,8,2,1,0,0,0,0,0,0,0,0,0,76,1,18,25,15,12,5,0
2017-18,Nagaland,Kiphire,0,0,0,0,0,0,0,0,0,0,0,0,0,0,0,0,0,0,0,0,0,0,0,0,0,0,0,0,0,0,0,0
2017-18,Nagaland,Kohima,22,0,8,13,0,1,0,0,45,0,14,16,11,3,1,0,0,0,0,0,0,0,0,0,67,0,22,29,11,4,1,0
2017-18,Nagaland,Longleng,0,0,0,0,0,0,0,0,0,0,0,0,0,0,0,0,0,0,0,0,0,0,0,0,0,0,0,0,0,0,0,0
2017-18,Nagaland,Mokokchung,0,0,0,0,0,0,0,0,0,0,0,0,0,0,0,0,0,0,0,0,0,0,0,0,0,0,0,0,0,0,0,0
2017-18,Nagaland,Mon,0,0,0,0,0,0,0,0,0,0,0,0,0,0,0,0,0,0,0,0,0,0,0,0,0,0,0,0,0,0,0,0
2017-18,Nagaland,Peren,0,0,0,0,0,0,0,0,0,0,0,0,0,0,0,0,0,0,0,0,0,0,0,0,0,0,0,0,0,0,0,0
2017-18,Nagaland,Phek,0,0,0,0,0,0,0,0,0,0,0,0,0,0,0,0,0,0,0,0,0,0,0,0,0,0,0,0,0,0,0,0
2017-18,Nagaland,Tuensang,0,0,0,0,0,0,0,0,0,0,0,0,0,0,0,0,0,0,0,0,0,0,0,0,0,0,0,0,0,0,0,0
2017-18,Nagaland,Wokha,0,0,0,0,0,0,0,0,0,0,0,0,0,0,0,0,0,0,0,0,0,0,0,0,0,0,0,0,0,0,0,0
2017-18,Nagaland,Zunheboto,0,0,0,0,0,0,0,0,0,0,0,0,0,0,0,0,0,0,0,0,0,0,0,0,0,0,0,0,0,0,0,0
2017-18,Nagaland,Total,60,0,16,22,7,11,4,0,83,1,24,32,19,5,2,0,0,0,0,0,0,0,0,0,143,1,40,54,26,16,6,0
2017-18,Odisha,Angul,0,0,0,0,0,0,0,0,0,0,0,0,0,0,0,0,0,0,0,0,0,0,0,0,0,0,0,0,0,0,0,0
2017-18,Odisha,Balasore,0,0,0,0,0,0,0,0,0,0,0,0,0,0,0,0,0,0,0,0,0,0,0,0,0,0,0,0,0,0,0,0
2017-18,Odisha,Baragarh,0,0,0,0,0,0,0,0,0,0,0,0,0,0,0,0,0,0,0,0,0,0,0,0,0,0,0,0,0,0,0,0
2017-18,Odisha,Berhampur,0,0,0,0,0,0,0,0,0,0,0,0,0,0,0,0,0,0,0,0,0,0,0,0,0,0,0,0,0,0,0,0
2017-18,Odisha,Bhadrak,0,0,0,0,0,0,0,0,0,0,0,0,0,0,0,0,0,0,0,0,0,0,0,0,0,0,0,0,0,0,0,0
2017-18,Odisha,Bolangir,0,0,0,0,0,0,0,0,0,0,0,0,0,0,0,0,0,0,0,0,0,0,0,0,0,0,0,0,0,0,0,0
2017-18,Odisha,Boudh,0,0,0,0,0,0,0,0,0,0,0,0,0,0,0,0,0,0,0,0,0,0,0,0,0,0,0,0,0,0,0,0
2017-18,Odisha,Cuttack,0,0,0,0,0,0,0,0,0,0,0,0,0,0,0,0,0,0,0,0,0,0,0,0,0,0,0,0,0,0,0,0
2017-18,Odisha,DCP BBSR,0,0,0,0,0,0,0,0,0,0,0,0,0,0,0,0,0,0,0,0,0,0,0,0,0,0,0,0,0,0,0,0
2017-18,Odisha,DCP CTC,0,0,0,0,0,0,0,0,0,0,0,0,0,0,0,0,0,0,0,0,0,0,0,0,0,0,0,0,0,0,0,0
2017-18,Odisha,Deogarh,0,0,0,0,0,0,0,0,0,0,0,0,0,0,0,0,0,0,0,0,0,0,0,0,0,0,0,0,0,0,0,0
2017-18,Odisha,Dhenkanal,0,0,0,0,0,0,0,0,0,0,0,0,0,0,0,0,0,0,0,0,0,0,0,0,0,0,0,0,0,0,0,0
2017-18,Odisha,Gajapati,0,0,0,0,0,0,0,0,0,0,0,0,0,0,0,0,0,0,0,0,0,0,0,0,0,0,0,0,0,0,0,0
2017-18,Odisha,Ganjam,0,0,0,0,0,0,0,0,0,0,0,0,0,0,0,0,0,0,0,0,0,0,0,0,0,0,0,0,0,0,0,0
2017-18,Odisha,Jagatsinghpur,0,0,0,0,0,0,0,0,0,0,0,0,0,0,0,0,0,0,0,0,0,0,0,0,0,0,0,0,0,0,0,0
2017-18,Odisha,Jajpur,0,0,0,0,0,0,0,0,0,0,0,0,0,0,0,0,0,0,0,0,0,0,0,0,0,0,0,0,0,0,0,0
2017-18,Odisha,Jharsuguda,0,0,0,0,0,0,0,0,0,0,0,0,0,0,0,0,0,0,0,0,0,0,0,0,0,0,0,0,0,0,0,0
2017-18,Odisha,Kalahandi,0,0,0,0,0,0,0,0,0,0,0,0,0,0,0,0,0,0,0,0,0,0,0,0,0,0,0,0,0,0,0,0
2017-18,Odisha,Kandhamal,0,0,0,0,0,0,0,0,0,0,0,0,0,0,0,0,0,0,0,0,0,0,0,0,0,0,0,0,0,0,0,0
2017-18,Odisha,Kendrapara,0,0,0,0,0,0,0,0,0,0,0,0,0,0,0,0,0,0,0,0,0,0,0,0,0,0,0,0,0,0,0,0
2017-18,Odisha,Keonjhar,0,0,0,0,0,0,0,0,0,0,0,0,0,0,0,0,0,0,0,0,0,0,0,0,0,0,0,0,0,0,0,0
2017-18,Odisha,Khurda,0,0,0,0,0,0,0,0,0,0,0,0,0,0,0,0,0,0,0,0,0,0,0,0,0,0,0,0,0,0,0,0
2017-18,Odisha,Koraput,0,0,0,0,0,0,0,0,0,0,0,0,0,0,0,0,0,0,0,0,0,0,0,0,0,0,0,0,0,0,0,0
2017-18,Odisha,Malkangiri,0,0,0,0,0,0,0,0,0,0,0,0,0,0,0,0,0,0,0,0,0,0,0,0,0,0,0,0,0,0,0,0
2017-18,Odisha,Mayurbhanj,0,0,0,0,0,0,0,0,0,0,0,0,0,0,0,0,0,0,0,0,0,0,0,0,0,0,0,0,0,0,0,0
2017-18,Odisha,Nayagarh,0,0,0,0,0,0,0,0,0,0,0,0,0,0,0,0,0,0,0,0,0,0,0,0,0,0,0,0,0,0,0,0
2017-18,Odisha,Nabarangpur,0,0,0,0,0,0,0,0,0,0,0,0,0,0,0,0,0,0,0,0,0,0,0,0,0,0,0,0,0,0,0,0
2017-18,Odisha,Nuapada,0,0,0,0,0,0,0,0,0,0,0,0,0,0,0,0,0,0,0,0,0,0,0,0,0,0,0,0,0,0,0,0
2017-18,Odisha,Puri,0,0,0,0,0,0,0,0,0,0,0,0,0,0,0,0,0,0,0,0,0,0,0,0,0,0,0,0,0,0,0,0
2017-18,Odisha,Rayagada,0,0,0,0,0,0,0,0,0,0,0,0,0,0,0,0,0,0,0,0,0,0,0,0,0,0,0,0,0,0,0,0
2017-18,Odisha,Rourkela,0,0,0,0,0,0,0,0,0,0,0,0,0,0,0,0,0,0,0,0,0,0,0,0,0,0,0,0,0,0,0,0
2017-18,Odisha,Sambalpur,0,0,0,0,0,0,0,0,0,0,0,0,0,0,0,0,0,0,0,0,0,0,0,0,0,0,0,0,0,0,0,0
2017-18,Odisha,Sonepur,0,0,0,0,0,0,0,0,0,0,0,0,0,0,0,0,0,0,0,0,0,0,0,0,0,0,0,0,0,0,0,0
2017-18,Odisha,SRP(Cuttack),0,0,0,0,0,0,0,0,0,0,0,0,0,0,0,0,0,0,0,0,0,0,0,0,0,0,0,0,0,0,0,0
2017-18,Odisha,SRP(Rourkela),0,0,0,0,0,0,0,0,0,0,0,0,0,0,0,0,0,0,0,0,0,0,0,0,0,0,0,0,0,0,0,0
2017-18,Odisha,Sundargarh,0,0,0,0,0,0,0,0,0,0,0,0,0,0,0,0,0,0,0,0,0,0,0,0,0,0,0,0,0,0,0,0
2017-18,Odisha,CID CB,2869,32,278,141,1345,814,194,65,10193,3,633,1239,5254,2141,847,76,0,0,0,0,0,0,0,0,13062,35,911,1380,6599,2955,1041,141
2017-18,Odisha,Total,2869,32,278,141,1345,814,194,65,10193,3,633,1239,5254,2141,847,76,0,0,0,0,0,0,0,0,13062,35,911,1380,6599,2955,1041,141
2017-18,Punjab,Amritsar Rural,35,0,4,0,14,9,5,3,78,0,3,51,14,5,3,2,0,0,0,0,0,0,0,0,113,0,7,51,28,14,8,5
2017-18,Punjab,Barnala,23,0,0,0,10,5,8,0,24,0,0,12,5,2,4,1,0,0,0,0,0,0,0,0,47,0,0,12,15,7,12,1
2017-18,Punjab,Batala,7,0,0,0,4,2,0,1,3,0,0,0,2,1,0,0,0,0,0,0,0,0,0,0,10,0,0,0,6,3,0,1
2017-18,Punjab,Bathinda,43,0,4,2,14,11,7,5,13,0,0,1,5,3,4,0,0,0,0,0,0,0,0,0,56,0,4,3,19,14,11,5
2017-18,Punjab,CP Amritsar,124,1,7,5,57,37,7,10,135,4,10,47,49,14,8,3,0,0,0,0,0,0,0,0,259,5,17,52,106,51,15,13
2017-18,Punjab,CP Jalandhar,227,0,0,0,100,68,36,23,254,0,0,0,187,55,9,3,0,0,0,0,0,0,0,0,481,0,0,0,287,123,45,26
2017-18,Punjab,CP Ludhiana,236,10,64,42,58,45,11,6,229,6,47,58,99,18,1,0,0,0,0,0,0,0,0,0,465,16,111,100,157,63,12,6
2017-18,Punjab,Faridkot,26,0,5,1,8,8,4,0,27,0,8,12,4,1,0,2,0,0,0,0,0,0,0,0,53,0,13,13,12,9,4,2
2017-18,Punjab,Fatehgarh Sahib,46,0,3,2,15,14,4,8,32,0,1,3,16,7,2,3,0,0,0,0,0,0,0,0,78,0,4,5,31,21,6,11
2017-18,Punjab,Fazilka,46,0,1,2,21,13,8,1,32,0,1,4,19,5,3,0,0,0,0,0,0,0,0,0,78,0,2,6,40,18,11,1
2017-18,Punjab,Ferozepur,81,0,2,2,30,19,18,10,78,0,1,37,28,6,4,2,0,0,0,0,0,0,0,0,159,0,3,39,58,25,22,12
2017-18,Punjab,GRP,8,0,0,0,2,2,3,1,8,0,2,2,1,2,1,0,0,0,0,0,0,0,0,0,16,0,2,2,3,4,4,1
2017-18,Punjab,Gurdaspur,16,0,0,1,2,7,2,4,10,0,0,0,4,4,1,1,0,0,0,0,0,0,0,0,26,0,0,1,6,11,3,5
2017-18,Punjab,Hoshiarpur,129,1,3,6,21,39,35,24,225,0,6,52,105,46,12,4,0,0,0,0,0,0,0,0,354,1,9,58,126,85,47,28
2017-18,Punjab,Jalandhar Rural,94,4,7,7,29,22,16,9,121,4,7,8,71,22,7,2,0,0,0,0,0,0,0,0,215,8,14,15,100,44,23,11
2017-18,Punjab,Kapurthala,33,0,3,2,12,7,5,4,18,0,0,0,9,4,4,1,0,0,0,0,0,0,0,0,51,0,3,2,21,11,9,5
2017-18,Punjab,Khanna,62,2,0,0,20,18,16,6,32,1,0,2,12,10,5,2,0,0,0,0,0,0,0,0,94,3,0,2,32,28,21,8
2017-18,Punjab,Ludhiana Rural,16,0,0,0,2,8,2,4,4,0,0,0,1,2,1,0,0,0,0,0,0,0,0,0,20,0,0,0,3,10,3,4
2017-18,Punjab,Mansa,17,0,1,0,8,5,3,0,5,0,0,0,4,0,1,0,0,0,0,0,0,0,0,0,22,0,1,0,12,5,4,0
2017-18,Punjab,Moga,46,0,0,0,14,18,7,7,23,0,0,0,8,12,2,1,0,0,0,0,0,0,0,0,69,0,0,0,22,30,9,8
2017-18,Punjab,Muktsar,63,2,2,2,27,18,10,2,31,1,1,1,19,6,2,1,0,0,0,0,0,0,0,0,94,3,3,3,46,24,12,3
2017-18,Punjab,Pathankot,12,0,0,0,6,3,2,1,16,0,2,0,9,3,1,1,0,0,0,0,0,0,0,0,28,0,2,0,15,6,3,2
2017-18,Punjab,Patiala,95,4,6,3,26,28,18,10,66,2,4,8,33,13,4,2,0,0,0,0,0,0,0,0,161,6,10,11,59,41,22,12
2017-18,Punjab,Ropar,14,0,3,2,4,2,2,1,15,0,2,6,4,1,0,2,0,0,0,0,0,0,0,0,29,0,5,8,8,3,2,3
2017-18,Punjab,Sangrur,22,1,1,5,6,4,3,2,76,2,0,52,15,4,2,1,0,0,0,0,0,0,0,0,98,3,1,57,21,8,5,3
2017-18,Punjab,SAS Nagar,76,0,5,12,23,16,15,5,63,0,1,6,40,13,1,2,0,0,0,0,0,0,0,0,139,0,6,18,63,29,16,7
2017-18,Punjab,SBS Nagar,26,0,1,2,5,11,3,4,35,0,0,4,19,9,1,2,0,0,0,0,0,0,0,0,61,0,1,6,24,20,4,6
2017-18,Punjab,Tarn Taran,31,0,1,5,7,8,4,6,17,0,0,2,9,3,2,1,0,0,0,0,0,0,0,0,48,0,1,7,16,11,6,7
2017-18,Punjab,Bureau of Investigation,0,0,0,0,0,0,0,0,0,0,0,0,0,0,0,0,0,0,0,0,0,0,0,0,0,0,0,0,0,0,0,0
2017-18,Punjab,Intelligence Wing,0,0,0,0,0,0,0,0,0,0,0,0,0,0,0,0,0,0,0,0,0,0,0,0,0,0,0,0,0,0,0,0
2017-18,Punjab,NRI Wing,0,0,0,0,0,0,0,0,0,0,0,0,0,0,0,0,0,0,0,0,0,0,0,0,0,0,0,0,0,0,0,0
2017-18,Punjab,Special Task Force,0,0,0,0,0,0,0,0,0,0,0,0,0,0,0,0,0,0,0,0,0,0,0,0,0,0,0,0,0,0,0,0
2017-18,Punjab,Total,1654,25,123,103,545,447,254,157,1670,20,96,368,791,271,85,39,0,0,0,0,0,0,0,0,3324,45,219,471,1336,718,339,196
2017-18,Rajasthan,Ajmer,159,0,6,14,66,55,15,3,351,1,7,27,265,41,8,2,3,0,0,3,0,0,0,0,513,1,13,44,331,96,23,5
2017-18,Rajasthan,Alwar,238,0,18,38,65,78,31,8,495,0,25,117,227,110,12,4,0,0,0,0,0,0,0,0,733,0,43,155,292,188,43,12
2017-18,Rajasthan,Banswara,56,0,3,3,26,11,11,2,194,1,3,8,118,48,16,0,0,0,0,0,0,0,0,0,250,1,6,11,144,59,27,2
2017-18,Rajasthan,Baran,74,0,2,1,41,21,7,2,312,0,2,46,212,45,4,3,0,0,0,0,0,0,0,0,386,0,4,47,253,66,11,5
2017-18,Rajasthan,Barmer,62,0,5,5,26,18,3,5,132,0,3,26,88,15,0,0,0,0,0,0,0,0,0,0,194,0,8,31,114,33,3,5
2017-18,Rajasthan,Bharatpur,76,1,6,11,27,14,9,8,123,0,2,6,79,25,9,2,0,0,0,0,0,0,0,0,199,1,8,17,106,39,18,10
2017-18,Rajasthan,Bhilwara,180,1,8,13,81,47,18,12,726,1,14,155,470,76,5,5,0,0,0,0,0,0,0,0,906,2,22,168,551,123,23,17
2017-18,Rajasthan,Bikaner,9,0,5,0,4,0,0,0,66,0,0,0,45,21,0,0,0,0,0,0,0,0,0,0,75,0,5,0,49,21,0,0
2017-18,Rajasthan,Bundi,71,2,1,3,32,19,9,5,369,1,7,68,243,46,2,2,0,0,0,0,0,0,0,0,440,3,8,71,275,65,11,7
2017-18,Rajasthan,Chittorgarh,142,0,2,5,82,27,23,3,570,0,1,69,395,91,9,5,0,0,0,0,0,0,0,0,712,0,3,74,477,118,32,8
2017-18,Rajasthan,Churu,81,0,1,12,44,22,2,0,257,0,14,29,169,33,12,0,0,0,0,0,0,0,0,0,338,0,15,41,213,55,14,0
2017-18,Rajasthan,Dausa,60,0,2,12,24,13,7,2,95,0,2,7,58,23,5,0,0,0,0,0,0,0,0,0,155,0,4,19,82,36,12,2
2017-18,Rajasthan,Dholpur,34,6,1,2,16,3,4,2,57,0,1,4,37,12,3,0,0,0,0,0,0,0,0,0,91,6,2,6,53,15,7,2
2017-18,Rajasthan,Dungarpur,45,0,1,1,33,7,3,0,274,0,4,31,198,37,4,0,0,0,0,0,0,0,0,0,319,0,5,32,231,44,7,0
2017-18,Rajasthan,GRP Ajmer,20,0,1,1,11,6,0,1,20,0,0,0,11,5,1,3,0,0,0,0,0,0,0,0,40,0,1,1,22,11,1,4
2017-18,Rajasthan,GRP Jodhpur,8,0,0,0,5,1,2,0,5,1,0,0,4,0,0,0,0,0,0,0,0,0,0,0,13,1,0,0,9,1,2,0
2017-18,Rajasthan,Ganganagar,175,0,1,13,92,55,11,3,403,0,2,23,341,33,4,0,0,0,0,0,0,0,0,0,578,0,3,36,433,88,15,3
2017-18,Rajasthan,Hanumangarh,122,0,0,7,50,40,16,9,294,0,7,31,192,58,6,0,0,0,0,0,0,0,0,0,416,0,7,38,242,98,22,9
2017-18,Rajasthan,Jaipur East,265,2,5,10,125,65,32,26,330,2,7,23,228,52,10,8,0,0,0,0,0,0,0,0,595,4,12,33,353,117,42,34
2017-18,Rajasthan,Jaipur North,167,0,13,10,68,48,16,12,321,1,6,50,224,36,2,2,0,0,0,0,0,0,0,0,488,1,19,60,292,84,18,14
2017-18,Rajasthan,Jaipur Rural,142,0,6,22,37,45,26,6,236,1,2,17,161,50,5,0,0,0,0,0,0,0,0,0,378,1,8,39,198,95,31,6
2017-18,Rajasthan,Jaipur South,152,0,6,14,81,36,7,8,240,0,4,39,153,37,4,3,0,0,0,0,0,0,0,0,392,0,10,53,234,73,11,11
2017-18,Rajasthan,Jaipur West,282,1,20,28,104,82,35,12,404,2,20,66,253,53,8,2,0,0,0,0,0,0,0,0,686,3,40,94,357,135,43,14
2017-18,Rajasthan,Jaisalmer,21,0,1,2,3,5,8,2,34,0,0,5,23,6,0,0,0,0,0,0,0,0,0,0,55,0,1,7,26,11,8,2
2017-18,Rajasthan,Jalore,59,1,7,5,24,12,7,3,310,0,15,37,220,35,3,0,0,0,0,0,0,0,0,0,369,1,22,42,244,47,10,3
2017-18,Rajasthan,Jhalawar,118,0,8,8,55,26,14,7,433,0,23,118,249,37,4,2,0,0,0,0,0,0,0,0,551,0,31,126,304,63,18,9
2017-18,Rajasthan,Jhunjhunu,132,0,8,19,45,38,8,14,406,1,3,64,293,38,7,0,0,0,0,0,0,0,0,0,538,1,11,83,338,76,15,14
2017-18,Rajasthan,Jodhpur East,123,0,6,9,38,53,12,5,206,0,5,28,134,34,3,2,0,0,0,0,0,0,0,0,329,0,11,37,172,87,15,7
2017-18,Rajasthan,Jodhpur West,141,0,3,13,38,49,31,7,246,0,0,33,164,37,10,2,0,0,0,0,0,0,0,0,387,0,3,46,202,86,41,9
2017-18,Rajasthan,Jodhpur Rural,50,0,2,5,28,10,4,1,157,0,9,23,112,12,1,0,0,0,0,0,0,0,0,0,207,0,11,28,140,22,5,1
2017-18,Rajasthan,Karauli,35,0,1,0,13,15,6,0,60,0,0,4,40,16,0,0,0,0,0,0,0,0,0,0,95,0,1,4,53,31,6,0
2017-18,Rajasthan,Kota City,312,2,19,48,113,75,40,15,663,2,23,102,426,83,22,5,0,0,0,0,0,0,0,0,975,4,42,150,539,158,62,20
2017-18,Rajasthan,Kota Rural,56,1,0,8,18,16,9,4,309,0,2,48,229,24,5,1,0,0,0,0,0,0,0,0,365,1,2,56,247,40,14,5
2017-18,Rajasthan,Nagaur,140,1,12,14,54,45,10,4,472,0,23,70,290,74,13,2,0,0,0,0,0,0,0,0,612,1,35,84,344,119,23,6
2017-18,Rajasthan,Pali,137,19,15,3,50,33,14,3,572,18,8,0,468,63,10,5,0,0,0,0,0,0,0,0,709,37,23,3,518,96,24,8
2017-18,Rajasthan,Pratapgarh,38,0,1,2,12,13,6,4,218,0,45,15,121,34,2,1,0,0,0,0,0,0,0,0,256,0,46,17,133,47,8,5
2017-18,Rajasthan,Rajsamand,81,1,3,3,42,21,4,7,506,0,14,65,384,36,4,3,0,0,0,0,0,0,0,0,587,1,17,68,426,57,8,10
2017-18,Rajasthan,Sawai Madhopur,55,0,8,10,20,10,5,2,106,0,4,6,77,14,4,1,0,0,0,0,0,0,0,0,161,0,12,16,97,24,9,3
2017-18,Rajasthan,Sikar,159,0,10,23,70,39,14,3,427,0,2,43,345,33,4,0,0,0,0,0,0,0,0,0,586,0,12,66,415,72,18,3
2017-18,Rajasthan,Sirohi,56,0,0,3,24,15,9,5,240,0,3,22,191,22,2,0,0,0,0,0,0,0,0,0,296,0,3,25,215,37,11,5
2017-18,Rajasthan,Tonk,61,0,1,3,29,20,4,4,219,0,1,4,184,23,4,3,0,0,0,0,0,0,0,0,280,0,2,7,213,43,8,7
2017-18,Rajasthan,Udaipur,215,0,3,4,103,60,33,12,667,0,4,24,463,144,32,0,0,0,0,0,0,0,0,0,882,0,7,28,566,204,65,12
2017-18,Rajasthan,Jaipur Metro,0,0,0,0,0,0,0,0,0,0,0,0,0,0,0,0,0,0,0,0,0,0,0,0,0,0,0,0,0,0,0,0
2017-18,Rajasthan,SCRB,0,0,0,0,0,0,0,0,0,0,0,0,0,0,0,0,0,0,0,0,0,0,0,0,0,0,0,0,0,0,0,0
2017-18,Rajasthan,SOG,0,0,0,0,0,0,0,0,0,0,0,0,0,0,0,0,0,0,0,0,0,0,0,0,0,0,0,0,0,0,0,0
2017-18,Rajasthan,SSB,0,0,0,0,0,0,0,0,0,0,0,0,0,0,0,0,0,0,0,0,0,0,0,0,0,0,0,0,0,0,0,0
2017-18,Rajasthan,Total,4609,38,221,407,1919,1268,525,231,12525,32,317,1553,8584,1712,259,68,3,0,0,3,0,0,0,0,17137,70,538,1963,10503,2980,784,299
2017-18,Sikkim,East,39,1,9,8,13,5,3,0,53,0,8,14,25,6,0,0,0,0,0,0,0,0,0,0,92,1,17,22,38,11,3,0
2017-18,Sikkim,North,6,0,1,3,0,2,0,0,2,0,0,0,2,0,0,0,0,0,0,0,0,0,0,0,8,0,1,3,2,2,0,0
2017-18,Sikkim,South,34,0,0,7,16,11,0,0,0,0,0,0,0,0,0,0,0,0,0,0,0,0,0,0,34,0,0,7,16,11,0,0
2017-18,Sikkim,West,20,0,0,1,7,8,4,0,26,0,0,2,12,9,2,1,0,0,0,0,0,0,0,0,46,0,0,3,19,17,6,1
2017-18,Sikkim,Total,99,1,10,19,36,26,7,0,81,0,8,16,39,15,2,1,0,0,0,0,0,0,0,0,180,1,18,35,75,41,9,1
2017-18,Tamil Nadu,Ariyalur,33,6,5,3,7,6,2,4,104,4,2,23,60,11,4,0,0,0,0,0,0,0,0,0,137,10,7,26,67,17,6,4
2017-18,Tamil Nadu,Chennai,1378,38,99,144,160,370,325,242,2103,32,74,469,868,406,124,130,0,0,0,0,0,0,0,0,3481,70,173,613,1028,776,449,372
2017-18,Tamil Nadu,Coimbatore,95,0,0,14,31,25,15,10,231,0,10,57,48,50,44,22,1,0,0,0,0,0,1,0,327,0,10,71,79,75,60,32
2017-18,Tamil Nadu,Coimbatore City,117,10,13,4,41,28,8,13,193,4,7,56,89,17,7,13,0,0,0,0,0,0,0,0,310,14,20,60,130,45,15,26
2017-18,Tamil Nadu,Cuddalore,79,0,4,6,21,17,16,15,219,0,3,60,133,20,0,3,0,0,0,0,0,0,0,0,298,0,7,66,154,37,16,18
2017-18,Tamil Nadu,Dharmapuri,25,4,2,5,3,5,3,3,67,0,5,20,17,16,6,3,0,0,0,0,0,0,0,0,92,4,7,25,20,21,9,6
2017-18,Tamil Nadu,Dindigul,90,8,14,12,18,23,4,11,188,6,17,52,85,22,3,3,0,0,0,0,0,0,0,0,278,14,31,64,103,45,7,14
2017-18,Tamil Nadu,Erode,85,5,9,13,17,16,6,19,152,5,4,29,89,13,7,5,0,0,0,0,0,0,0,0,237,10,13,42,106,29,13,24
2017-18,Tamil Nadu,Kanchipuram,209,1,11,34,24,55,46,38,679,2,28,122,250,183,68,26,0,0,0,0,0,0,0,0,888,3,39,156,274,238,114,64
2017-18,Tamil Nadu,Kanyakumari,586,12,9,32,169,198,123,43,222,7,9,18,141,31,5,11,0,0,0,0,0,0,0,0,808,19,18,50,310,229,128,54
2017-18,Tamil Nadu,Karur,20,0,5,2,6,3,2,2,98,0,2,44,43,4,2,3,0,0,0,0,0,0,0,0,118,0,7,46,49,7,4,5
2017-18,Tamil Nadu,Krishnagiri,88,5,9,8,13,26,16,11,188,5,6,36,105,23,10,3,0,0,0,0,0,0,0,0,276,10,15,44,118,49,26,14
2017-18,Tamil Nadu,Madurai,139,13,21,12,44,25,13,11,332,8,23,65,185,29,13,9,0,0,0,0,0,0,0,0,471,21,44,77,229,54,26,20
2017-18,Tamil Nadu,Madurai City,206,8,26,26,33,58,33,22,305,12,19,47,142,58,20,7,0,0,0,0,0,0,0,0,511,20,45,73,175,116,53,29
2017-18,Tamil Nadu,Nagapattinam,43,2,5,8,9,7,5,7,171,6,7,35,111,9,1,2,0,0,0,0,0,0,0,0,214,8,12,43,120,16,6,9
2017-18,Tamil Nadu,Namakkal,42,3,1,10,9,9,5,5,55,3,3,13,24,9,2,1,0,0,0,0,0,0,0,0,97,6,4,23,33,18,7,6
2017-18,Tamil Nadu,Nilgiris,19,0,3,5,3,2,4,2,43,0,3,14,23,2,0,1,0,0,0,0,0,0,0,0,62,0,6,19,26,4,4,3
2017-18,Tamil Nadu,Perambalur,33,1,4,4,13,8,1,2,159,5,6,54,84,9,1,0,0,0,0,0,0,0,0,0,192,6,10,58,97,17,2,2
2017-18,Tamil Nadu,Pudukottai,34,2,6,3,14,5,2,2,122,7,5,23,75,6,3,3,0,0,0,0,0,0,0,0,156,9,11,26,89,11,5,5
2017-18,Tamil Nadu,Ramnathapuram,73,9,6,12,16,16,10,4,189,6,5,37,100,33,6,2,0,0,0,0,0,0,0,0,262,15,11,49,116,49,16,6
2017-18,Tamil Nadu,Railway Chennai,26,0,2,3,3,7,8,3,19,0,1,2,4,6,4,2,0,0,0,0,0,0,0,0,45,0,3,5,7,13,12,5
2017-18,Tamil Nadu,Railway Trichy,6,0,0,0,0,3,3,0,5,0,0,0,0,4,0,1,0,0,0,0,0,0,0,0,11,0,0,0,0,7,3,1
2017-18,Tamil Nadu,Salem,91,5,9,13,19,20,10,15,247,10,13,79,102,34,4,5,0,0,0,0,0,0,0,0,338,15,22,92,121,54,14,20
2017-18,Tamil Nadu,Salem City,52,7,5,9,13,7,7,4,107,3,8,27,52,9,4,4,0,0,0,0,0,0,0,0,159,10,13,36,65,16,11,8
2017-18,Tamil Nadu,Sivagangai,32,2,3,8,1,6,9,3,109,5,4,14,56,23,5,2,0,0,0,0,0,0,0,0,141,7,7,22,57,29,14,5
2017-18,Tamil Nadu,Thanjavur,84,7,6,11,17,18,12,13,240,6,8,67,123,16,13,7,0,0,0,0,0,0,0,0,324,13,14,78,140,34,25,20
2017-18,Tamil Nadu,Theni,89,7,14,5,21,18,13,11,216,8,12,56,109,18,7,6,0,0,0,0,0,0,0,0,305,15,26,61,130,36,20,17
2017-18,Tamil Nadu,Thirunelveli,167,19,21,6,20,47,38,16,397,10,12,75,199,76,15,10,0,0,0,0,0,0,0,0,564,29,33,81,219,123,53,26
2017-18,Tamil Nadu,Thirunelveli City,50,3,7,6,9,13,5,7,82,2,4,10,53,6,2,5,0,0,0,0,0,0,0,0,132,5,11,16,62,19,7,12
2017-18,Tamil Nadu,Thiruvallur,176,13,13,17,64,32,23,14,583,3,31,106,384,36,11,12,0,0,0,0,0,0,0,0,759,16,44,123,448,68,34,26
2017-18,Tamil Nadu,Thiruvannamalai,107,9,14,16,23,18,11,16,342,10,11,92,200,18,7,4,0,0,0,0,0,0,0,0,449,19,25,108,223,36,18,20
2017-18,Tamil Nadu,Thiruvarur,24,1,5,5,6,2,4,1,63,1,1,12,35,7,6,1,0,0,0,0,0,0,0,0,87,2,6,17,41,9,10,2
2017-18,Tamil Nadu,Thoothukudi,121,11,12,16,28,21,12,21,285,16,5,69,145,36,5,9,0,0,0,0,0,0,0,0,406,27,17,85,173,57,17,30
2017-18,Tamil Nadu,Tiruppur,78,6,3,7,19,20,11,12,237,2,10,70,117,22,5,11,0,0,0,0,0,0,0,0,315,8,13,77,136,42,16,23
2017-18,Tamil Nadu,Tiruppur City,107,8,11,5,27,29,20,7,272,2,6,85,149,15,5,10,0,0,0,0,0,0,0,0,379,10,17,90,176,44,25,17
2017-18,Tamil Nadu,Trichy,39,1,3,6,11,6,5,7,101,2,5,32,49,9,2,2,0,0,0,0,0,0,0,0,140,3,8,38,60,15,7,9
2017-18,Tamil Nadu,Trichy City,104,8,9,9,24,27,16,11,160,6,4,34,86,19,9,2,0,0,0,0,0,0,0,0,264,14,13,43,110,46,25,13
2017-18,Tamil Nadu,Vellore,202,16,16,23,44,47,30,26,689,17,28,214,392,21,11,6,0,0,0,0,0,0,0,0,891,33,44,237,436,68,41,32
2017-18,Tamil Nadu,Villupuram,113,1,6,18,28,23,16,21,219,0,2,44,142,14,9,8,0,0,0,0,0,0,0,0,332,1,8,62,170,37,25,29
2017-18,Tamil Nadu,Virudhunagar,73,4,6,16,18,14,6,9,210,8,10,45,125,15,1,6,0,0,0,0,0,0,0,0,283,12,16,61,143,29,7,15
2017-18,Tamil Nadu,Cyber Cell,0,0,0,0,0,0,0,0,0,0,0,0,0,0,0,0,0,0,0,0,0,0,0,0,0,0,0,0,0,0,0,0
2017-18,Tamil Nadu,Other Units,0,0,0,0,0,0,0,0,0,0,0,0,0,0,0,0,0,0,0,0,0,0,0,0,0,0,0,0,0,0,0,0
2017-18,Tamil Nadu,Total,5135,255,417,556,1046,1280,898,683,10403,223,413,2407,5194,1355,451,360,1,0,0,0,0,0,1,0,15539,478,830,2963,6240,2635,1350,1043
2017-18,Telangana,Cyberabad Commissionerate,1326,35,89,132,312,391,252,115,1861,47,57,139,730,649,180,59,0,0,0,0,0,0,0,0,3187,82,146,271,1042,1040,432,174
2017-18,Telangana,Hyderabad Commissionerate,1235,41,109,133,207,366,251,128,1658,27,63,295,745,365,105,58,1,0,0,0,0,1,0,0,2894,68,172,428,952,732,356,186
2017-18,Telangana,Karimnagar Commissionerate,104,3,5,12,21,32,22,9,244,6,4,55,127,36,11,5,0,0,0,0,0,0,0,0,348,9,9,67,148,68,33,14
2017-18,Telangana,Khammam Commissionerate,117,3,5,2,45,30,17,15,235,2,4,0,194,30,2,3,0,0,0,0,0,0,0,0,352,5,9,2,239,60,19,18
2017-18,Telangana,Nizamabad Commissionerate,162,9,18,22,49,35,12,17,325,10,15,59,203,23,11,4,0,0,0,0,0,0,0,0,487,19,33,81,252,58,23,21
2017-18,Telangana,Rachakonda Commissionerate,892,36,108,99,195,270,124,60,1138,38,28,129,648,198,66,31,0,0,0,0,0,0,0,0,2030,74,136,228,843,468,190,91
2017-18,Telangana,Ramagundam Commissionerate,115,0,6,6,32,42,23,6,349,0,3,90,201,46,7,2,0,0,0,0,0,0,0,0,464,0,9,96,233,88,30,8
2017-18,Telangana,Siddipet Commissionerate,71,7,6,6,19,24,3,6,183,3,3,54,94,22,2,5,0,0,0,0,0,0,0,0,254,10,9,60,113,46,5,11
2017-18,Telangana,Warangal Commissionerate,173,12,15,17,35,49,33,12,455,6,14,87,252,79,12,5,0,0,0,0,0,0,0,0,628,18,29,104,287,128,45,17
2017-18,Telangana,Adilabad,53,3,7,8,16,7,4,8,86,0,1,16,59,7,1,2,0,0,0,0,0,0,0,0,139,3,8,24,75,14,5,10
2017-18,Telangana,Bhadradri Kothagudem,71,2,6,5,13,28,10,7,165,8,3,3,96,46,7,2,0,0,0,0,0,0,0,0,236,10,9,8,109,74,17,9
2017-18,Telangana,Jagityal,52,4,5,4,11,14,12,2,172,6,1,30,83,40,8,4,0,0,0,0,0,0,0,0,224,10,6,34,94,54,20,6
2017-18,Telangana,Jayashankar Bhupalpalli,20,0,1,3,2,5,7,2,64,0,1,5,43,8,7,0,0,0,0,0,0,0,0,0,84,0,2,8,45,13,14,2
2017-18,Telangana,Jogulamba Gadwal,43,0,6,6,6,14,10,1,92,0,0,21,51,17,0,3,0,0,0,0,0,0,0,0,135,0,6,27,57,31,10,4
2017-18,Telangana,Kamareddy ,67,6,8,7,12,15,10,9,147,7,6,15,89,28,2,0,0,0,0,0,0,0,0,0,214,13,14,22,101,43,12,9
2017-18,Telangana,Kumaram Bheem Asifabad,25,1,1,4,4,4,10,1,71,3,1,15,33,17,1,1,0,0,0,0,0,0,0,0,96,4,2,19,37,21,11,2
2017-18,Telangana,Mahabubabad,32,1,2,6,7,6,5,5,111,0,8,33,54,13,1,2,0,0,0,0,0,0,0,0,143,1,10,39,61,19,6,7
2017-18,Telangana,Mahabubnagar,99,2,11,11,15,35,16,9,204,6,7,21,128,32,7,3,0,0,0,0,0,0,0,0,303,8,18,32,143,67,23,12
2017-18,Telangana,Medak,68,6,5,8,20,15,10,4,156,4,8,21,90,28,4,1,0,0,0,0,0,0,0,0,224,10,13,29,110,43,14,5
2017-18,Telangana,Nagarkurnool,43,1,2,4,4,19,10,3,136,1,4,22,69,28,7,5,0,0,0,0,0,0,0,0,179,2,6,26,73,47,17,8
2017-18,Telangana,Nalgonda,106,4,8,20,22,28,21,3,295,2,2,81,151,51,5,3,0,0,0,0,0,0,0,0,401,6,10,101,173,79,26,6
2017-18,Telangana,Nirmal,48,4,0,3,12,17,7,5,105,1,3,32,45,22,0,2,0,0,0,0,0,0,0,0,153,5,3,35,57,39,7,7
2017-18,Telangana,Rajanna Siricilla,25,0,0,1,7,9,5,3,81,0,2,12,50,11,4,2,0,0,0,0,0,0,0,0,106,0,2,13,57,20,9,5
2017-18,Telangana,Sangareddy,204,13,16,30,38,60,32,15,334,13,15,90,161,45,3,7,0,0,0,0,0,0,0,0,538,26,31,120,199,105,35,22
2017-18,Telangana,Suryapet,43,2,1,4,9,16,9,2,127,0,3,23,63,34,3,1,0,0,0,0,0,0,0,0,170,2,4,27,72,50,12,3
2017-18,Telangana,Vikarabad,37,4,3,3,3,13,7,4,89,1,3,14,52,17,2,0,0,0,0,0,0,0,0,0,126,5,6,17,55,30,9,4
2017-18,Telangana,Wanaparthy,35,0,5,10,12,3,3,2,144,0,6,47,80,10,0,1,0,0,0,0,0,0,0,0,179,0,11,57,92,13,3,3
2017-18,Telangana,Railway Police Secunderabad,27,1,1,6,3,10,5,1,14,0,0,4,6,2,2,0,0,0,0,0,0,0,0,0,41,1,1,10,9,12,7,1
2017-18,Telangana,Total,5293,200,449,572,1131,1557,930,454,9041,191,265,1413,4597,1904,460,211,1,0,0,0,0,1,0,0,14335,391,714,1985,5728,3462,1390,665
2017-18,Tripura,Dhalai,34,0,0,2,15,13,3,1,59,0,0,8,36,9,6,0,0,0,0,0,0,0,0,0,93,0,0,10,51,22,9,1
2017-18,Tripura,Gomati,42,1,2,0,15,19,4,1,95,0,4,9,62,19,1,0,0,0,0,0,0,0,0,0,137,1,6,9,77,38,5,1
2017-18,Tripura,GRP,0,0,0,0,0,0,0,0,0,0,0,0,0,0,0,0,0,0,0,0,0,0,0,0,0,0,0,0,0,0,0,0
2017-18,Tripura,Kowai,35,2,0,0,7,20,6,0,57,0,1,2,32,22,0,0,0,0,0,0,0,0,0,0,92,2,1,2,39,42,6,0
2017-18,Tripura,North,34,0,1,0,16,13,4,0,68,0,0,16,47,5,0,0,0,0,0,0,0,0,0,0,102,0,1,16,63,18,4,0
2017-18,Tripura,Sipahijala,59,0,0,1,32,19,5,2,125,0,0,12,93,15,4,1,0,0,0,0,0,0,0,0,184,0,0,13,125,34,9,3
2017-18,Tripura,South,44,0,1,5,17,16,3,2,103,0,1,27,57,17,1,0,0,0,0,0,0,0,0,0,147,0,2,32,74,33,4,2
2017-18,Tripura,Unakoti,46,1,1,2,26,13,0,3,147,0,2,7,109,27,0,2,0,0,0,0,0,0,0,0,193,1,3,9,135,40,0,5
2017-18,Tripura,West,233,3,10,9,54,100,43,14,432,2,5,45,201,143,25,11,0,0,0,0,0,0,0,0,665,5,15,54,255,243,68,25
2017-18,Tripura,Total,527,7,15,19,182,213,68,23,1086,2,13,126,637,257,37,14,0,0,0,0,0,0,0,0,1613,9,28,145,819,470,105,37
2017-18,Uttar Pradesh,Agra,210,1,6,15,89,60,23,16,184,0,2,12,112,36,9,13,0,0,0,0,0,0,0,0,394,1,8,27,201,96,32,29
2017-18,Uttar Pradesh,Aligarh,89,2,2,6,8,45,20,6,76,1,1,9,45,15,3,2,0,0,0,0,0,0,0,0,165,3,3,15,53,60,23,8
2017-18,Uttar Pradesh,Prayagraj,191,1,19,20,58,50,30,13,253,4,30,63,97,48,6,5,0,0,0,0,0,0,0,0,444,5,49,83,155,98,36,18
2017-18,Uttar Pradesh,Ambedkar Nagar,25,0,4,2,6,9,2,2,60,0,3,10,40,5,1,1,0,0,0,0,0,0,0,0,85,0,7,12,46,14,3,3
2017-18,Uttar Pradesh,Amethi,33,1,6,5,7,7,3,4,52,0,5,21,22,2,1,1,0,0,0,0,0,0,0,0,85,1,11,26,29,9,4,5
2017-18,Uttar Pradesh,Amroha,4,0,0,4,0,0,0,0,2,0,0,2,0,0,0,0,0,0,0,0,0,0,0,0,6,0,0,6,0,0,0,0
2017-18,Uttar Pradesh,Auraiya,2,0,1,1,0,0,0,0,9,0,0,7,2,0,0,0,0,0,0,0,0,0,0,0,11,0,1,8,2,0,0,0
2017-18,Uttar Pradesh,Azamgarh,90,0,4,2,28,34,15,7,171,0,9,12,97,39,9,5,0,0,0,0,0,0,0,0,261,0,13,14,125,73,24,12
2017-18,Uttar Pradesh,Badaun,82,2,13,15,26,16,6,4,62,2,2,19,24,10,5,0,0,0,0,0,0,0,0,0,144,4,15,34,50,26,11,4
2017-18,Uttar Pradesh,Baghpat,105,0,9,3,39,28,24,2,106,0,5,11,51,31,6,2,0,0,0,0,0,0,0,0,211,0,14,14,90,59,30,4
2017-18,Uttar Pradesh,Bahraich,23,0,3,2,11,7,0,0,23,0,2,0,17,4,0,0,0,0,0,0,0,0,0,0,46,0,5,2,28,11,0,0
2017-18,Uttar Pradesh,Ballia,52,0,10,5,12,6,6,13,56,0,2,10,36,3,3,2,0,0,0,0,0,0,0,0,108,0,12,15,48,9,9,15
2017-18,Uttar Pradesh,Balrampur,10,0,1,0,4,2,1,2,15,0,4,2,8,1,0,0,0,0,0,0,0,0,0,0,25,0,5,2,12,3,1,2
2017-18,Uttar Pradesh,Banda,24,1,1,2,11,3,3,3,37,0,0,20,13,2,1,1,0,0,0,0,0,0,0,0,61,1,1,22,24,5,4,4
2017-18,Uttar Pradesh,Barabanki,81,2,22,18,19,8,7,5,59,0,13,9,27,7,1,2,0,0,0,0,0,0,0,0,140,2,35,27,46,15,8,7
2017-18,Uttar Pradesh,Bareilly,0,0,0,0,0,0,0,0,0,0,0,0,0,0,0,0,0,0,0,0,0,0,0,0,0,0,0,0,0,0,0,0
2017-18,Uttar Pradesh,Basti,40,0,3,7,12,7,5,6,52,0,1,12,19,10,7,3,0,0,0,0,0,0,0,0,92,0,4,19,31,17,12,9
2017-18,Uttar Pradesh,Bijnor,84,0,13,3,26,17,22,3,98,0,2,8,66,15,7,0,0,0,0,0,0,0,0,0,182,0,15,11,92,32,29,3
2017-18,Uttar Pradesh,Bulandshahar,58,1,5,8,21,10,10,3,66,1,0,12,37,13,1,2,0,0,0,0,0,0,0,0,124,2,5,20,58,23,11,5
2017-18,Uttar Pradesh,Chandoli,41,0,0,6,14,10,7,4,61,0,6,18,20,14,3,0,0,0,0,0,0,0,0,0,102,0,6,24,34,24,10,4
2017-18,Uttar Pradesh,Chitrakoot,10,0,3,0,4,1,1,1,19,0,0,10,7,2,0,0,0,0,0,0,0,0,0,0,29,0,3,10,11,3,1,1
2017-18,Uttar Pradesh,Deoria,21,0,4,3,4,4,5,1,44,0,6,21,9,4,4,0,0,0,0,0,0,0,0,0,65,0,10,24,13,8,9,1
2017-18,Uttar Pradesh,Etah,49,1,6,4,16,14,5,3,38,0,2,5,23,6,2,0,0,0,0,0,0,0,0,0,87,1,8,9,39,20,7,3
2017-18,Uttar Pradesh,Etawah,4,0,0,1,0,0,0,3,3,0,0,1,2,0,0,0,0,0,0,0,0,0,0,0,7,0,0,2,2,0,0,3
2017-18,Uttar Pradesh,Ayodhya,55,0,5,7,13,15,10,5,76,0,1,16,43,11,4,1,0,0,0,0,0,0,0,0,131,0,6,23,56,26,14,6
2017-18,Uttar Pradesh,Fatehgarh,42,0,3,6,9,15,4,5,28,0,3,1,15,7,1,1,0,0,0,0,0,0,0,0,70,0,6,7,24,22,5,6
2017-18,Uttar Pradesh,Fatehpur,54,0,4,5,23,12,7,3,91,0,4,14,42,27,4,0,0,0,0,0,0,0,0,0,145,0,8,19,65,39,11,3
2017-18,Uttar Pradesh,Firozabad,44,0,6,5,12,9,6,6,59,0,2,18,26,10,2,1,0,0,0,0,0,0,0,0,103,0,8,23,38,19,8,7
2017-18,Uttar Pradesh,GRP,64,5,2,5,17,14,15,6,37,1,1,5,11,13,5,1,0,0,0,0,0,0,0,0,101,6,3,10,28,27,20,7
2017-18,Uttar Pradesh,Gautambudh Nagar,220,2,26,13,79,60,34,6,229,1,19,51,101,45,5,7,0,0,0,0,0,0,0,0,449,3,45,64,180,105,39,13
2017-18,Uttar Pradesh,Ghaziabad,202,0,46,21,44,46,28,17,163,3,17,54,45,30,9,5,0,0,0,0,0,0,0,0,365,3,63,75,89,76,37,22
2017-18,Uttar Pradesh,Ghazipur,53,0,4,1,21,14,8,5,102,6,27,52,12,3,2,0,0,0,0,0,0,0,0,0,155,6,31,53,33,17,10,5
2017-18,Uttar Pradesh,Gonda,31,0,4,2,17,1,7,0,59,0,7,13,27,8,1,3,0,0,0,0,0,0,0,0,90,0,11,15,44,9,8,3
2017-18,Uttar Pradesh,Gorakhpur,40,0,4,0,9,14,8,5,28,0,4,3,10,9,2,0,0,0,0,0,0,0,0,0,68,0,8,3,19,23,10,5
2017-18,Uttar Pradesh,Hamirpur,18,0,5,6,3,2,1,1,89,0,6,78,2,3,0,0,0,0,0,0,0,0,0,0,107,0,11,84,5,5,1,1
2017-18,Uttar Pradesh,Hapur,87,0,8,4,28,23,20,4,111,0,10,21,47,27,3,3,0,0,0,0,0,0,0,0,198,0,18,25,75,50,23,7
2017-18,Uttar Pradesh,Hardoi,47,1,5,3,19,7,9,3,38,1,2,13,19,3,0,0,0,0,0,0,0,0,0,0,85,2,7,16,38,10,9,3
2017-18,Uttar Pradesh,Hathras,31,0,0,7,8,11,4,1,41,0,2,8,17,14,0,0,0,0,0,0,0,0,0,0,72,0,2,15,25,25,4,1
2017-18,Uttar Pradesh,Jalaun,46,0,4,4,9,13,14,2,45,1,4,6,21,11,2,0,0,0,0,0,0,0,0,0,91,1,8,10,30,24,16,2
2017-18,Uttar Pradesh,Jaunpur,46,2,4,3,14,14,7,2,61,0,1,27,22,8,1,2,0,0,0,0,0,0,0,0,107,2,5,30,36,22,8,4
2017-18,Uttar Pradesh,Jhansi,22,0,5,10,5,2,0,0,108,0,1,27,35,45,0,0,0,0,0,0,0,0,0,0,130,0,6,37,40,47,0,0
2017-18,Uttar Pradesh,Kannauj,36,1,5,1,18,7,3,1,46,0,2,16,23,5,0,0,0,0,0,0,0,0,0,0,82,1,7,17,41,12,3,1
2017-18,Uttar Pradesh,Kanpur Dehat,37,0,0,7,14,15,0,1,29,0,0,7,18,4,0,0,0,0,0,0,0,0,0,0,66,0,0,14,32,19,0,1
2017-18,Uttar Pradesh,Kanpur Nagar,216,0,34,39,52,46,40,5,188,0,19,39,79,37,9,5,0,0,0,0,0,0,0,0,404,0,53,78,131,83,49,10
2017-18,Uttar Pradesh,Kasganj,25,0,4,2,8,5,3,3,20,0,0,2,15,3,0,0,0,0,0,0,0,0,0,0,45,0,4,4,23,8,3,3
2017-18,Uttar Pradesh,Kaushambi,40,0,13,27,0,0,0,0,92,0,53,39,0,0,0,0,0,0,0,0,0,0,0,0,132,0,66,66,0,0,0,0
2017-18,Uttar Pradesh,Khiri,89,2,13,20,21,18,12,3,71,2,8,19,23,12,6,1,0,0,0,0,0,0,0,0,160,4,21,39,44,30,18,4
2017-18,Uttar Pradesh,Kushi Nagar,8,0,6,1,0,0,0,1,11,0,0,9,1,1,0,0,0,0,0,0,0,0,0,0,19,0,6,10,1,1,0,1
2017-18,Uttar Pradesh,Lalitpur,24,4,4,2,6,5,1,2,66,1,18,37,6,3,1,0,0,0,0,0,0,0,0,0,90,5,22,39,12,8,2,2
2017-18,Uttar Pradesh,Lucknow,1042,6,143,124,276,288,149,56,850,11,89,210,279,191,48,22,0,0,0,0,0,0,0,0,1892,17,232,334,555,479,197,78
2017-18,Uttar Pradesh,Maharajganj,19,0,4,2,3,5,2,3,25,0,1,10,13,1,0,0,0,0,0,0,0,0,0,0,44,0,5,12,16,6,2,3
2017-18,Uttar Pradesh,Mahoba,21,0,7,14,0,0,0,0,0,0,0,0,0,0,0,0,0,0,0,0,0,0,0,0,21,0,7,14,0,0,0,0
2017-18,Uttar Pradesh,Mainpuri,22,0,3,0,15,4,0,0,77,0,3,72,2,0,0,0,0,0,0,0,0,0,0,0,99,0,6,72,17,4,0,0
2017-18,Uttar Pradesh,Mathura,17,0,0,11,6,0,0,0,16,0,0,8,8,0,0,0,0,0,0,0,0,0,0,0,33,0,0,19,14,0,0,0
2017-18,Uttar Pradesh,Mau,30,0,3,2,9,9,4,3,42,0,2,1,30,6,0,3,0,0,0,0,0,0,0,0,72,0,5,3,39,15,4,6
2017-18,Uttar Pradesh,Meerut,121,0,2,5,50,25,25,14,94,0,1,3,66,19,3,2,0,0,0,0,0,0,0,0,215,0,3,8,116,44,28,16
2017-18,Uttar Pradesh,Mirzapur,61,0,11,6,12,21,8,3,47,0,8,12,15,8,1,3,0,0,0,0,0,0,0,0,108,0,19,18,27,29,9,6
2017-18,Uttar Pradesh,Moradabad,5,0,0,5,0,0,0,0,80,0,0,80,0,0,0,0,0,0,0,0,0,0,0,0,85,0,0,85,0,0,0,0
2017-18,Uttar Pradesh,Muzaffarnagar,64,0,6,8,22,15,8,5,54,0,6,8,26,8,5,1,0,0,0,0,0,0,0,0,118,0,12,16,48,23,13,6
2017-18,Uttar Pradesh,Pilibhit,63,0,1,3,23,18,12,6,48,0,0,7,24,9,5,3,0,0,0,0,0,0,0,0,111,0,1,10,47,27,17,9
2017-18,Uttar Pradesh,Pratapgarh,11,0,2,9,0,0,0,0,5,0,4,1,0,0,0,0,0,0,0,0,0,0,0,0,16,0,6,10,0,0,0,0
2017-18,Uttar Pradesh,Raibareilly,29,0,5,4,2,7,9,2,45,0,2,18,16,6,1,2,0,0,0,0,0,0,0,0,74,0,7,22,18,13,10,4
2017-18,Uttar Pradesh,Rampur,23,0,1,17,2,3,0,0,216,0,13,37,148,18,0,0,0,0,0,0,0,0,0,0,239,0,14,54,150,21,0,0
2017-18,Uttar Pradesh,Saharanpur,120,0,6,11,35,37,20,11,83,0,1,2,42,30,8,0,0,0,0,0,0,0,0,0,203,0,7,13,77,67,28,11
2017-18,Uttar Pradesh,Sambhal,43,1,3,2,20,8,8,1,30,0,1,5,14,8,1,1,0,0,0,0,0,0,0,0,73,1,4,7,34,16,9,2
2017-18,Uttar Pradesh,Sant Kabirnagar,18,0,4,4,5,3,1,1,33,0,2,16,12,1,2,0,0,0,0,0,0,0,0,0,51,0,6,20,17,4,3,1
2017-18,Uttar Pradesh,Shahjahanpur,54,0,6,3,13,22,7,3,53,2,0,7,23,13,8,0,0,0,0,0,0,0,0,0,107,2,6,10,36,35,15,3
2017-18,Uttar Pradesh,Shamli,36,0,3,8,10,8,6,1,33,0,0,2,17,9,4,1,0,0,0,0,0,0,0,0,69,0,3,10,27,17,10,2
2017-18,Uttar Pradesh,Shrawasti,0,0,0,0,0,0,0,0,1,1,0,0,0,0,0,0,0,0,0,0,0,0,0,0,1,1,0,0,0,0,0,0
2017-18,Uttar Pradesh,Sidharthnagar,41,0,6,3,12,8,7,5,36,1,4,3,19,7,2,0,0,0,0,0,0,0,0,0,77,1,10,6,31,15,9,5
2017-18,Uttar Pradesh,Sitapur,112,0,21,20,30,25,13,3,127,0,6,23,47,46,4,1,0,0,0,0,0,0,0,0,239,0,27,43,77,71,17,4
2017-18,Uttar Pradesh,Sonbhadra,49,0,0,13,25,5,2,4,58,0,0,0,44,12,2,0,0,0,0,0,0,0,0,0,107,0,0,13,69,17,4,4
2017-18,Uttar Pradesh,Bhadohi,40,0,21,11,4,0,4,0,32,0,7,6,10,6,3,0,0,0,0,0,0,0,0,0,72,0,28,17,14,6,7,0
2017-18,Uttar Pradesh,Sultanpur,25,2,7,9,3,3,1,0,27,0,1,7,18,1,0,0,0,0,0,0,0,0,0,0,52,2,8,16,21,4,1,0
2017-18,Uttar Pradesh,Unnao,66,2,8,9,23,10,7,7,80,0,3,18,52,5,1,1,0,0,0,0,0,0,0,0,146,2,11,27,75,15,8,8
2017-18,Uttar Pradesh,Varanasi,177,1,24,18,58,41,22,13,151,0,13,28,62,35,9,4,0,0,0,0,0,0,0,0,328,1,37,46,120,76,31,17
2017-18,Uttar Pradesh,Total,5214,41,646,654,1522,1271,751,329,5777,39,473,1453,2421,1045,233,113,0,0,0,0,0,0,0,0,10991,80,1119,2107,3943,2316,984,442
2017-18,Uttarakhand,Almora,0,0,0,0,0,0,0,0,0,0,0,0,0,0,0,0,0,0,0,0,0,0,0,0,0,0,0,0,0,0,0,0
2017-18,Uttarakhand,Bageshwar,0,0,0,0,0,0,0,0,0,0,0,0,0,0,0,0,0,0,0,0,0,0,0,0,0,0,0,0,0,0,0,0
2017-18,Uttarakhand,Chamoli,0,0,0,0,0,0,0,0,0,0,0,0,0,0,0,0,0,0,0,0,0,0,0,0,0,0,0,0,0,0,0,0
2017-18,Uttarakhand,Champawat,0,0,0,0,0,0,0,0,0,0,0,0,0,0,0,0,0,0,0,0,0,0,0,0,0,0,0,0,0,0,0,0
2017-18,Uttarakhand,Dehradun,0,0,0,0,0,0,0,0,0,0,0,0,0,0,0,0,0,0,0,0,0,0,0,0,0,0,0,0,0,0,0,0
2017-18,Uttarakhand,Haridwar,0,0,0,0,0,0,0,0,0,0,0,0,0,0,0,0,0,0,0,0,0,0,0,0,0,0,0,0,0,0,0,0
2017-18,Uttarakhand,Nainital,0,0,0,0,0,0,0,0,0,0,0,0,0,0,0,0,0,0,0,0,0,0,0,0,0,0,0,0,0,0,0,0
2017-18,Uttarakhand,Pauri Garhwal,0,0,0,0,0,0,0,0,0,0,0,0,0,0,0,0,0,0,0,0,0,0,0,0,0,0,0,0,0,0,0,0
2017-18,Uttarakhand,Pithoragarh,17,0,0,6,4,2,2,3,30,0,0,9,15,4,0,2,0,0,0,0,0,0,0,0,47,0,0,15,19,6,2,5
2017-18,Uttarakhand,Rudra Prayag,0,0,0,0,0,0,0,0,0,0,0,0,0,0,0,0,0,0,0,0,0,0,0,0,0,0,0,0,0,0,0,0
2017-18,Uttarakhand,Tehri Garhwal,1078,30,94,167,179,315,199,94,1187,14,74,239,465,296,80,19,0,0,0,0,0,0,0,0,2265,44,168,406,644,611,279,113
2017-18,Uttarakhand,Udhamsingh Nagar,0,0,0,0,0,0,0,0,0,0,0,0,0,0,0,0,0,0,0,0,0,0,0,0,0,0,0,0,0,0,0,0
2017-18,Uttarakhand,Uttarkashi,0,0,0,0,0,0,0,0,0,0,0,0,0,0,0,0,0,0,0,0,0,0,0,0,0,0,0,0,0,0,0,0
2017-18,Uttarakhand,GRP,0,0,0,0,0,0,0,0,0,0,0,0,0,0,0,0,0,0,0,0,0,0,0,0,0,0,0,0,0,0,0,0
2017-18,Uttarakhand,Total,1095,30,94,173,183,317,201,97,1217,14,74,248,480,300,80,21,0,0,0,0,0,0,0,0,2312,44,168,421,663,617,281,118
2017-18,West Bengal,Alipurduar,299,0,9,17,76,131,52,14,720,1,8,139,284,229,50,9,0,0,0,0,0,0,0,0,1019,1,17,156,360,360,102,23
2017-18,West Bengal,Asansol-Durgapur PC,523,2,13,22,145,167,118,56,697,3,9,61,366,189,46,23,0,0,0,0,0,0,0,0,1220,5,22,83,511,356,164,79
2017-18,West Bengal,Bankura,373,1,10,19,96,131,77,39,674,0,7,84,364,157,42,20,0,0,0,0,0,0,0,0,1047,1,17,103,460,288,119,59
2017-18,West Bengal,Barrackpur PC,1377,2,53,84,276,439,353,170,1837,1,90,380,710,419,152,85,0,0,0,0,0,0,0,0,3214,3,143,464,986,858,505,255
2017-18,West Bengal,Bidhannagar PC,379,1,9,19,68,136,88,58,587,0,18,112,245,154,37,21,0,0,0,0,0,0,0,0,966,1,27,131,313,290,125,79
2017-18,West Bengal,Birbhum,238,0,5,5,68,89,49,22,405,0,5,42,211,119,23,5,0,0,0,0,0,0,0,0,643,0,10,47,279,208,72,27
2017-18,West Bengal,Coochbehar,407,0,18,22,121,154,71,21,1126,2,31,151,533,334,67,8,0,0,0,0,0,0,0,0,1533,2,49,173,654,488,138,29
2017-18,West Bengal,Dakshin Dinajpur,302,2,13,23,116,72,52,24,913,1,16,184,580,115,14,3,0,0,0,0,0,0,0,0,1215,3,29,207,696,187,66,27
2017-18,West Bengal,Darjeeling,126,0,4,6,22,53,29,12,303,0,3,31,129,123,15,2,0,0,0,0,0,0,0,0,429,0,7,37,151,176,44,14
2017-18,West Bengal,Hooghly Rural Police,434,2,11,23,96,180,84,38,972,1,21,213,441,222,53,21,0,0,0,0,0,0,0,0,1406,3,32,236,537,402,137,59
2017-18,West Bengal,Howrah GRP,74,3,1,4,28,16,13,9,28,0,0,4,16,3,4,1,0,0,0,0,0,0,0,0,102,3,1,8,44,19,17,10
2017-18,West Bengal,Howrah PC,786,7,43,58,279,202,115,82,876,8,24,129,484,137,47,47,0,0,0,0,0,0,0,0,1662,15,67,187,763,339,162,129
2017-18,West Bengal,Howrah Rural,525,0,25,19,120,180,125,56,1106,0,21,265,483,261,50,26,0,0,0,0,0,0,0,0,1631,0,46,284,603,441,175,82
2017-18,West Bengal,Jalpaiguri,359,1,10,13,113,139,60,23,816,1,4,83,448,234,31,15,0,0,0,0,0,0,0,0,1175,2,14,96,561,373,91,38
2017-18,West Bengal,Jhargram,94,0,0,6,37,27,7,17,239,0,4,47,136,30,10,12,0,0,0,0,0,0,0,0,333,0,4,53,173,57,17,29
2017-18,West Bengal,Kharagpur GRP,10,0,0,1,4,3,1,1,1,0,0,0,1,0,0,0,0,0,0,0,0,0,0,0,11,0,0,1,5,3,1,1
2017-18,West Bengal,Kolkata,2339,15,119,189,458,657,577,324,2584,25,90,551,942,577,235,164,0,0,0,0,0,0,0,0,4923,40,209,740,1400,1234,812,488
2017-18,West Bengal,Malda,536,4,37,46,153,178,80,38,1083,5,26,196,516,285,45,10,0,0,0,0,0,0,0,0,1619,9,63,242,669,463,125,48
2017-18,West Bengal,Murshidabad,654,2,14,16,223,274,91,34,1796,0,8,30,996,668,63,31,0,0,0,0,0,0,0,0,2450,2,22,46,1219,942,154,65
2017-18,West Bengal,Nadia,958,5,27,50,253,333,215,75,2468,5,32,355,1156,760,116,44,0,0,0,0,0,0,0,0,3426,10,59,405,1409,1093,331,119
2017-18,West Bengal,Paschim Medinipur,545,1,11,40,132,182,141,38,1260,1,16,333,609,237,44,20,0,0,0,0,0,0,0,0,1805,2,27,373,741,419,185,58
2017-18,West Bengal,Purab Medinipur,316,1,17,18,117,85,53,25,974,2,12,244,549,116,34,17,0,0,0,0,0,0,0,0,1290,3,29,262,666,201,87,42
2017-18,West Bengal,Purulia,155,0,3,3,74,45,23,7,273,0,4,18,203,26,12,10,0,0,0,0,0,0,0,0,428,0,7,21,277,71,35,17
2017-18,West Bengal,Sealdah GRP,17,0,3,0,7,3,3,1,28,0,1,5,16,1,2,3,0,0,0,0,0,0,0,0,45,0,4,5,23,4,5,4
2017-18,West Bengal,Siliguri GRP,6,0,0,0,2,3,0,1,3,0,0,0,2,1,0,0,0,0,0,0,0,0,0,0,9,0,0,0,4,4,0,1
2017-18,West Bengal,Siliguri PC,511,5,28,35,130,195,81,37,958,4,22,229,386,252,50,15,0,0,0,0,0,0,0,0,1469,9,50,264,516,447,131,52
2017-18,West Bengal,Uttar Dinajpur,216,2,6,18,82,62,42,4,547,0,4,39,330,150,18,6,0,0,0,0,0,0,0,0,763,2,10,57,412,212,60,10
2017-18,West Bengal,Baruipur Police,540,3,27,41,116,206,88,59,1133,3,45,256,446,268,59,56,0,0,0,0,0,0,0,0,1673,6,72,297,562,474,147,115
2017-18,West Bengal,Chandannagar PC,390,0,15,11,87,114,104,59,550,0,11,75,243,137,58,26,0,0,0,0,0,0,0,0,940,0,26,86,330,251,162,85
2017-18,West Bengal,Diamond Harbour Police,629,3,40,44,142,213,134,53,1331,4,37,311,538,320,87,34,0,0,0,0,0,0,0,0,1960,7,77,355,680,533,221,87
2017-18,West Bengal,Kalimpong,53,1,2,7,9,23,9,2,122,0,1,18,41,58,4,0,0,0,0,0,0,0,0,0,175,1,3,25,50,81,13,2
2017-18,West Bengal,Purba Bardhaman,434,1,13,26,101,164,100,29,1007,2,27,252,417,246,44,19,0,0,0,0,0,0,0,0,1441,3,40,278,518,410,144,48
2017-18,West Bengal,Sundarban Police,210,2,6,14,55,71,45,17,590,1,11,52,314,162,40,10,0,0,0,0,0,0,0,0,800,3,17,66,369,233,85,27
2017-18,West Bengal,Barasat,892,1,29,87,198,303,189,85,2236,0,45,562,875,576,121,57,0,0,0,0,0,0,0,0,3128,1,74,649,1073,879,310,142
2017-18,West Bengal,Basirhat,331,0,11,21,86,127,73,13,1056,0,17,308,399,268,55,9,0,0,0,0,0,0,0,0,1387,0,28,329,485,395,128,22
2017-18,West Bengal,Total,16038,67,632,1007,4090,5357,3342,1543,31299,70,670,5759,14409,7834,1728,829,0,0,0,0,0,0,0,0,47337,137,1302,6766,18499,13191,5070,2372
2017-18,AN Islands,South Andaman,89,4,2,4,32,29,15,3,100,0,4,34,41,18,1,2,0,0,0,0,0,0,0,0,189,4,6,38,73,47,16,5
2017-18,AN Islands,North & Middle Andaman,0,0,0,0,0,0,0,0,0,0,0,0,0,0,0,0,0,0,0,0,0,0,0,0,0,0,0,0,0,0,0,0
2017-18,AN Islands,Nicobar,0,0,0,0,0,0,0,0,0,0,0,0,0,0,0,0,0,0,0,0,0,0,0,0,0,0,0,0,0,0,0,0
2017-18,AN Islands,Total,89,4,2,4,32,29,15,3,100,0,4,34,41,18,1,2,0,0,0,0,0,0,0,0,189,4,6,38,73,47,16,5
2017-18,Chandigarh,Chandigarh,240,6,39,42,64,60,19,10,354,2,18,127,141,52,10,4,0,0,0,0,0,0,0,0,594,8,57,169,205,112,29,14
2017-18,Chandigarh,Total,240,6,39,42,64,60,19,10,354,2,18,127,141,52,10,4,0,0,0,0,0,0,0,0,594,8,57,169,205,112,29,14
2017-18,DN Haveli,D&N Haveli,14,0,0,0,8,4,0,2,46,0,0,0,40,4,1,1,0,0,0,0,0,0,0,0,60,0,0,0,48,8,1,3
2017-18,DN Haveli,Total,14,0,0,0,8,4,0,2,46,0,0,0,40,4,1,1,0,0,0,0,0,0,0,0,60,0,0,0,48,8,1,3
2017-18,Daman Diu,Daman,38,0,4,3,17,8,5,1,77,0,4,14,51,8,0,0,0,0,0,0,0,0,0,0,115,0,8,17,68,16,5,1
2017-18,Daman Diu,Diu,9,0,0,0,4,4,1,0,3,0,0,0,2,1,0,0,0,0,0,0,0,0,0,0,12,0,0,0,6,5,1,0
2017-18,Daman Diu,Total,47,0,4,3,21,12,6,1,80,0,4,14,53,9,0,0,0,0,0,0,0,0,0,0,127,0,8,17,74,21,6,1
2017-18,Delhi,Central,497,13,67,42,134,140,76,25,511,18,48,108,202,81,37,17,0,0,0,0,0,0,0,0,1008,31,115,150,336,221,113,42
2017-18,Delhi,Crime Branch,0,0,0,0,0,0,0,0,0,0,0,0,0,0,0,0,0,0,0,0,0,0,0,0,0,0,0,0,0,0,0,0
2017-18,Delhi,East,652,7,75,69,278,137,49,37,815,5,56,188,448,69,25,24,0,0,0,0,0,0,0,0,1467,12,131,257,726,206,74,61
2017-18,Delhi,EOW,0,0,0,0,0,0,0,0,0,0,0,0,0,0,0,0,0,0,0,0,0,0,0,0,0,0,0,0,0,0,0,0
2017-18,Delhi,IGI Airport,10,0,0,0,7,3,0,0,7,0,0,0,5,0,2,0,0,0,0,0,0,0,0,0,17,0,0,0,12,3,2,0
2017-18,Delhi,Metro,26,0,0,1,13,6,4,2,21,1,0,1,8,7,1,3,0,0,0,0,0,0,0,0,47,1,0,2,21,13,5,5
2017-18,Delhi,New Delhi,137,1,14,36,32,19,22,13,73,1,7,17,37,5,3,3,0,0,0,0,0,0,0,0,210,2,21,53,69,24,25,16
2017-18,Delhi,North,550,7,70,49,146,171,71,36,478,13,58,76,188,103,28,12,0,0,0,0,0,0,0,0,1028,20,128,125,334,274,99,48
2017-18,Delhi,North-East,1065,8,144,107,486,183,89,48,1333,7,70,277,823,108,28,20,0,0,0,0,0,0,0,0,2398,15,214,384,1309,291,117,68
2017-18,Delhi,North-West,853,19,90,102,282,222,101,37,1257,13,142,285,452,302,36,27,0,0,0,0,0,0,0,0,2110,32,232,387,734,524,137,64
2017-18,Delhi,Outer,1189,11,108,98,380,362,151,79,1686,6,89,386,805,320,37,43,0,0,0,0,0,0,0,0,2875,17,197,484,1185,682,188,122
2017-18,Delhi,RAILWAY,99,8,3,5,36,17,11,19,77,4,4,5,46,6,4,8,0,0,0,0,0,0,0,0,176,12,7,10,82,23,15,27
2017-18,Delhi,South,903,35,98,85,218,250,163,54,1141,30,100,232,472,236,45,26,0,0,0,0,0,0,0,0,2044,65,198,317,690,486,208,80
2017-18,Delhi,South-East,778,4,81,118,266,186,82,41,1103,6,57,279,518,180,42,21,0,0,0,0,0,0,0,0,1881,10,138,397,784,366,124,62
2017-18,Delhi,South-West,601,11,64,77,131,159,113,46,763,15,55,177,289,157,54,16,0,0,0,0,0,0,0,0,1364,26,119,254,420,316,167,62
2017-18,Delhi,Spl Cell,0,0,0,0,0,0,0,0,0,0,0,0,0,0,0,0,0,0,0,0,0,0,0,0,0,0,0,0,0,0,0,0
2017-18,Delhi,SPUWAC,0,0,0,0,0,0,0,0,0,0,0,0,0,0,0,0,0,0,0,0,0,0,0,0,0,0,0,0,0,0,0,0
2017-18,Delhi,Vigilance,0,0,0,0,0,0,0,0,0,0,0,0,0,0,0,0,0,0,0,0,0,0,0,0,0,0,0,0,0,0,0,0
2017-18,Delhi,West,629,2,52,48,152,191,134,50,792,4,50,181,343,150,41,23,0,0,0,0,0,0,0,0,1421,6,102,229,495,341,175,73
2017-18,Delhi,Rohini,1102,64,105,142,332,228,163,68,1474,57,122,313,626,298,42,16,0,0,0,0,0,0,0,0,2576,121,227,455,958,526,205,84
2017-18,Delhi,Shahdara,625,3,55,49,250,149,82,37,638,3,40,135,351,68,24,17,0,0,0,0,0,0,0,0,1263,6,95,184,601,217,106,54
2017-18,Delhi,Dwarka,874,5,60,118,189,295,136,71,1103,2,58,310,417,245,41,30,0,0,0,0,0,0,0,0,1977,7,118,428,606,540,177,101
2017-18,Delhi,Total,10590,198,1086,1146,3332,2718,1447,663,13272,185,956,2970,6030,2335,490,306,0,0,0,0,0,0,0,0,23862,383,2042,4116,9362,5053,1937,969
2017-18,Lakshadweep,Lakshadweep,4,0,0,0,0,1,3,0,0,0,0,0,0,0,0,0,0,0,0,0,0,0,0,0,4,0,0,0,0,1,3,0
2017-18,Lakshadweep,Total,4,0,0,0,0,1,3,0,0,0,0,0,0,0,0,0,0,0,0,0,0,0,0,0,4,0,0,0,0,1,3,0
2017-18,Puducherry,Karaikal,0,0,0,0,0,0,0,0,0,0,0,0,0,0,0,0,0,0,0,0,0,0,0,0,0,0,0,0,0,0,0,0
2017-18,Puducherry,Puducherry,95,0,4,11,20,20,24,16,154,2,4,28,93,12,4,11,0,0,0,0,0,0,0,0,249,2,8,39,113,32,28,27
2017-18,Puducherry,Total,95,0,4,11,20,20,24,16,154,2,4,28,93,12,4,11,0,0,0,0,0,0,0,0,249,2,8,39,113,32,28,27
